-2.692105476494429661e-01,-1.047662403090414474e+00,4.153204216404874360e-01,-2.087207963274630540e+00,1.739651784087770936e-01
-1.150365986756062497e+00,-1.089653107855697467e+00,-1.621604016700192608e+00,3.451936714050377608e-01,1.240088748626662907e-01
5.832292470181046351e-01,-8.063293539029029455e-01,4.329859160015901431e-01,1.974162897915467729e+00,2.633005663446977285e-01
1.045897890564928545e+00,-5.191865539791603590e-01,-2.493481547764643036e+00,-3.007415097895804301e+00,-1.070257375803483679e+00
7.445784437188452953e-01,-2.557964701311267186e-01,2.217646640084878218e+00,-2.231411226584598673e+00,5.373983970452274050e-01
1.187487524677944606e+00,-1.552504643377015991e+00,1.917047060543368264e+00,-9.836328288495563843e-01,2.493397271316557084e+00
2.737121394704137067e+00,-1.696642234920583192e+00,1.327617742074234330e+00,-1.114890582387417506e-01,1.451386832665396032e+00
2.837790264318848177e+00,-1.083444750722399874e-01,-6.437806322323691433e-02,-8.264398364513138029e-01,8.024748511164017106e-01
2.377881302923980922e+00,2.169262306404548202e+00,2.197733213550005171e+00,2.909300968307379609e+00,1.772490575587695849e+00
6.711563103727820057e-01,-1.860021297698987386e+00,4.040083545381556895e+00,7.950792305871899890e-01,2.050247035240963189e+00
1.673455928945506876e+00,-3.221037789741282076e+00,1.123876827512924503e+00,2.941800713077107332e+00,9.398927815619835258e-01
5.026190522328739529e-01,-5.408437134990682349e-01,5.046209413012243683e-01,1.987424378589961460e+00,-2.046824841057013789e+00
1.598266966508832043e+00,-1.336664475010140851e-01,2.075836031760252887e+00,9.766010638583493275e-01,-2.000086064497401672e-01
2.885428715172501657e-01,-8.180616689389444418e-02,2.840145952121391204e+00,3.517223841375892723e-01,-1.346434852803907400e+00
7.124277862125572014e-02,-3.706385100144334310e-01,1.910324896960584162e+00,2.242991533470761745e+00,1.025496009689002674e+00
-3.388810851220731557e-01,-4.898981695698391148e-01,-5.449568591611800850e-01,2.205181852489909833e+00,7.465788314654537849e-01
-3.401763650120583349e-01,5.407593433598413268e-01,6.526463988349504586e-01,-5.233221733344617377e-03,2.533214256302799949e+00
-9.587719237371210568e-01,1.763950394272337241e-01,1.515782413257159122e+00,-7.699546849717083807e-01,2.167507721791871678e+00
-1.679940820469378870e+00,-2.784780038225889709e-01,-3.319585232727474966e-01,-1.931863638654491622e+00,2.042240947945598961e+00
1.016685125573238979e-01,2.029250518175405027e+00,-3.041770535631774131e+00,-4.951560951335021166e-01,4.379337595520750304e-01
-1.527241543410738256e+00,2.431162117200324158e+00,2.611042174637839608e+00,-2.268409720378186556e+00,2.551805786249833341e-01
1.683812511975575910e-01,1.326723738838014421e+00,-2.777239185591063642e+00,-3.403396848833394106e+00,8.483624408364143221e-03
-1.967524894995605234e+00,6.202721298822807539e-01,1.150535210047139323e+00,2.288886193076044684e+00,2.880924253989349815e-01
-6.698584986445585976e-01,-7.520614077349441207e-02,-3.901840100845028303e+00,-5.210607763936115688e+00,2.509960462945626247e-02
-7.595310487273230216e-01,-2.446152386994064343e-01,-3.554881040954817717e+00,1.235604718435844962e+00,1.128837628115506586e-01
-2.521566826504464842e+00,-1.289025638320717260e+00,-2.081204150863662949e+00,-5.842312561792645909e+00,-1.241333650442595804e+00
-2.151173980705544775e+00,-1.165242270940038960e-01,-1.318773867263181465e+00,-1.579472951903308164e+00,5.059559846159499275e-01
-1.634989479592465322e+00,3.822443457580051440e-01,-4.222075061469057644e+00,-3.293870586721631799e+00,1.307648786689106668e+00
-1.882409521831170052e+00,8.751163538221189420e-01,1.376098232019566936e-01,-3.193535549951684871e-01,6.674441219657015756e-01
-1.095614892669994900e+00,7.081516333558808274e-01,-2.316098443239535509e+00,-1.964637679319658714e+00,-1.433084802553691306e+00
-1.912016300161915261e+00,1.684941239888262388e+00,9.276218745241021635e-02,3.508441181456609659e-01,1.768938824533047294e+00
-9.566366703204114419e-01,-9.584329297580114204e-01,-3.584714433194800876e+00,-8.426734714291046480e-01,-1.123473961446975311e+00
-9.778475322171854556e-01,-3.727234480026200836e-01,-1.543832916155702506e+00,-1.104766532643635668e-01,9.995100039631734656e-01
-3.118797359725555829e+00,-5.472838012682507136e-01,7.576482903422911974e-01,-4.166093973580509591e+00,5.679296166390923606e-01
-2.398529792837980956e+00,-1.159622076037853944e+00,-8.754525451117358692e-01,-5.322325119261692716e-01,-9.865713444186650083e-01
4.216290700406864489e-01,-4.266221583881192325e-01,-1.759873595146257630e+00,2.686499440071025147e-01,7.334648811182855610e-01
-1.968549989219456453e+00,2.095528687106784638e+00,2.512284385541319942e+00,-9.654282574284827056e-01,1.378200023494566828e-01
1.713919918337613257e+00,-7.706062236846443758e-01,-3.680513513658207891e-01,-7.486959786369199454e-01,-2.518468374229469120e+00
-1.554639880799627338e+00,-4.096935735277482116e-01,-1.299740373812910965e-01,5.600315482529925060e-01,-2.897304161754988616e+00
-1.917652075324224770e+00,-1.601854252607687323e-01,-2.177588828497017737e+00,3.031258549466820384e-01,-1.673402422510510412e-01
6.084773699826619975e-01,2.977693772114179405e-01,-4.568509914697055585e+00,-1.340286038103495114e+00,-1.405779584920068048e+00
-1.431324898054129768e+00,-2.746723952105201705e-01,2.669395561211318491e-02,-1.363118427986867998e+00,8.186120848354296875e-01
8.493632580336906157e-01,7.849776698066389669e-01,-1.969619690151154678e+00,-4.036620572164835608e+00,-2.842948778688117351e+00
6.333928560162680466e-01,-3.570220115041983222e-02,-2.447647377680918779e-01,-4.387244059404582508e-01,-2.677660798383384999e-01
1.060530552655753800e+00,1.172670574835571022e+00,1.794777652395268541e-02,6.636796394988797587e-01,-1.728241015696044158e+00
4.485839723117299727e-01,-1.225846269655628262e-01,2.584009834665762284e+00,1.310655569982526192e+00,-3.656417363732801240e-01
3.935554814549518943e-01,-6.493388313173749093e-01,2.106561055723575659e+00,1.492817431379571125e-01,1.300891290483151330e+00
3.323502879083537032e+00,1.711431013435735338e+00,2.110522469942622603e+00,3.272256074656088476e+00,1.320575706649789405e+00
2.852320751604558335e+00,2.609059720356827761e+00,5.045105682807647263e+00,2.050718347163553723e+00,2.258256640122297210e+00
2.572990064456400994e+00,2.577819222043186365e+00,6.807635350669421825e+00,2.156423351687679624e+00,-7.363811241360257442e-02
1.554247862405113478e+00,1.278650596753477142e+00,5.765702774606205949e+00,4.269524200830684180e+00,-9.748582749357915800e-01
8.390293379858833056e-01,8.421279283653544390e-01,3.605104249921452286e+00,5.409322995591591798e+00,-2.820302246604247554e+00
9.017180699153443113e-01,8.576736318852222762e-01,3.874367544000730579e+00,6.299013031726302003e+00,6.178771688028170672e-01
-2.353384536216658773e+00,-5.278147046037665602e-01,3.073879134596983143e+00,5.735495899026782141e+00,-4.429103792540562967e-01
-2.362795989448483347e+00,2.124369900595973470e-01,-1.763308611454016406e+00,5.291112470160417303e+00,-5.269409950601853243e-01
-3.406064087515602967e+00,-3.530831293599548948e-01,-1.120106975670804417e+00,3.125193585614696623e+00,4.718191318685496793e-02
-1.007399357661925565e-01,5.714947911082045584e-01,-4.399182500674188034e+00,1.203533429128006871e+00,-1.584100892779756187e+00
4.416682067264503520e-01,2.553351282935724109e-01,-3.082947008655804844e+00,4.423661152818819664e-02,-1.688765456420785682e+00
1.376952048633674486e-01,6.567264102278336235e-01,-3.871729159935262676e-01,-2.004301879574295953e+00,-1.171431866173545222e+00
3.157960140537325877e-01,-2.283926738207766594e-01,2.917706986573191941e+00,-1.178967639098989606e+00,8.389055926888698833e-01
-9.750637009218553475e-01,8.157640230516385316e-01,-1.107250231606671687e+00,1.568417532011640025e-01,1.089946988846807741e-01
1.493072518763963297e+00,6.342897467228109099e-01,1.848444369669445475e+00,6.944934445312480609e-01,-2.821147525005484047e-01
1.246023694264498882e+00,1.779542118278550022e+00,2.651477771360614799e+00,-1.726045201360222991e+00,3.247791475715607890e-01
6.498830861918097890e-01,1.393469462986117735e+00,1.767550884012220713e+00,3.261746738954951041e+00,5.269876254589160869e-01
-8.433836540675128113e-01,-1.012959953692557757e+00,1.226918472073768029e-02,1.380900009762003000e+00,-1.155931059515305614e+00
3.673141307516746279e-01,-4.954964776316961306e-02,6.079739127979952862e-01,2.609577514032429768e+00,-1.288249344310418820e+00
1.891094152573535414e+00,1.980416983840281864e-01,2.576050815047391751e+00,7.582953075383231933e-01,-3.659239474012832005e-02
1.159560942633722114e+00,4.009439254005094933e-01,2.072475716952471902e+00,3.516418349312072644e-01,1.639698247355595662e+00
3.687330361618680108e+00,1.253108163811718301e+00,2.335258994873401051e+00,2.413193002058697800e+00,7.884773982620560950e-01
2.653747232289027203e+00,-3.086822477709473822e-01,4.188514036924948059e+00,2.074212017343526337e+00,1.250061774570590201e+00
2.130043951258578705e+00,9.361618783366366658e-01,9.461045102245493332e-01,1.540481292039447281e+00,-2.270132060950818431e+00
1.779415017648544595e+00,-2.036788584607644115e+00,3.863472130944464400e+00,3.490584688396616286e+00,-8.767656745754208725e-01
9.738970394549177900e-01,-1.694492297681351456e+00,3.761307838349840504e-01,1.221824395013615394e+00,-5.706030614633538889e+00
1.179395330093284233e+00,-1.663873382962890446e-01,4.531922098722351855e-02,2.423908361394416566e+00,-2.735563327652793753e+00
1.469616230062444906e+00,7.664019195667768347e-01,3.059736408901986948e+00,2.182725556917223031e+00,2.890259367259029322e-01
1.198391410799529933e+00,6.950890942273811879e-01,2.795235903971457159e+00,2.532094834742135703e+00,-9.154335385064266140e-01
-1.032212185062393317e-01,-2.678510105789588813e-01,7.661428770148069889e-01,2.284757852516289489e+00,-2.600360060336109891e-01
3.449909437103266252e-01,3.228014851086217218e-01,2.043460996165719301e+00,1.720569727556771067e+00,-1.841558039061461871e+00
-1.941001885700022189e-02,-1.991734293890861540e+00,-3.463719218601202243e-02,2.706917886553077857e+00,3.780562204769344348e-01
-6.721071670379630270e-01,9.508497784369940309e-01,1.062040880001870746e-01,2.620173910506113479e+00,-9.105659064014312021e-01
-3.744101928668590595e-01,1.878429498842068224e+00,1.049814291259475008e+00,1.136584053155370366e+00,1.686519108705720749e+00
8.742019637471658555e-01,5.945843882379282519e-01,-3.710704130450991345e-01,1.197534823436968709e-01,-4.037713053159515120e-01
-1.682553681335972939e+00,-1.025449674178447457e-01,1.510364691039970619e+00,7.744999795640608031e-01,3.249651512118606256e+00
-1.371334869454096328e+00,1.186244577868940553e+00,-3.680463302094922451e+00,-2.935384901677323688e-01,9.937025488054425093e-01
-2.277766674808535452e+00,6.748154668202529516e-01,-8.439454511222745925e-01,3.016358354124391461e+00,1.141647476963744356e+00
-2.416545391683944111e+00,-1.832030499439487814e+00,-1.823105501523847316e+00,-2.556418394370137293e+00,7.709692151838066776e-01
-2.432585242286957161e+00,-1.301441724358407770e+00,-3.355793450545685008e+00,-1.161462301377576001e+00,1.363572850082700683e+00
-4.393262371221418050e-01,-2.633939443547924641e-01,-5.848387647964844227e+00,-8.303475474272482559e-01,-2.805425387942147353e+00
-1.965365327656424688e+00,-1.077054116528288752e-01,-1.898701871621703674e+00,-2.994103337809324916e+00,-1.573531779101277062e+00
-1.446862874522776288e+00,4.618097992869856783e-01,-2.506323026544621690e+00,-4.492032013805339119e+00,-8.353131863812368607e-03
-2.829964304845696166e+00,-3.147592220155448484e-02,-4.754564489893398083e-01,-2.060290718508243746e+00,1.224108763336527517e+00
-1.496098499366727008e+00,1.214936114856224991e+00,-3.312490269675910426e+00,-3.505060637775949672e+00,1.939349187833713462e+00
1.116108263022366209e-01,2.427973105617856397e+00,1.789335768509219271e-01,-1.934766852569324236e+00,3.105176723269587047e+00
-1.698506712575773125e+00,2.416338853510854534e+00,9.577439006378193342e-01,-2.153710085686101117e+00,3.148893428799173666e+00
-6.199725648724232485e-01,8.623299941037176897e-01,1.565463416840162936e-01,-2.286146724509785511e+00,1.143984987758642768e+00
-4.780637771510374279e-01,1.136967729174910291e+00,-2.208930819900913056e-01,1.226561729762738917e+00,1.689070031520918391e-01
-1.430234184770957429e+00,-1.289361345178107743e-01,3.786874854663245804e-01,-1.536624292124276481e-01,1.606218320034287661e+00
2.821133905432713362e-01,7.661382197480521850e-01,-2.016358735638183575e+00,1.430446627225611778e+00,-1.760752966950092979e+00
-1.694219471632563589e+00,-1.161933403771321149e+00,1.684333814209370672e+00,-2.339731426416579829e+00,2.771723647928914236e+00
3.836071556731605048e-01,-1.720787247521466667e-01,-1.944918449670031357e+00,-3.225705375752387027e+00,-7.397003783942038835e-01
-1.056993387755364333e+00,-1.052852248695290038e+00,-4.984881169695697389e-01,2.556891615085988834e-01,1.180501576734530156e+00
1.295986722809955971e+00,-1.753286035313498026e+00,-1.704903088969209835e+00,-2.868259181436711103e+00,1.419282005909038968e+00
5.243338272093085450e-01,-2.901324531248121286e+00,-1.850262782765266789e-01,3.447996028863631324e-01,1.919610998579757588e+00
6.304414287830826247e-01,-2.005335678563994861e+00,-8.999640671218068766e-01,-3.147840091630574211e+00,-2.520348938462230404e+00
7.993007657538142574e-01,5.321238421738304636e-01,-7.391165490429854046e-01,-1.122115234840748821e+00,-3.534743124615989718e+00
2.796190482245793363e-01,-8.384143290193757370e-01,1.669720616672794589e-01,-1.195045672505144818e+00,-1.291252495343371720e+00
9.061218210933086326e-02,5.457795992981693267e-01,-3.491651461431427350e+00,-4.069600663778850658e-01,-7.790903386621990112e-01
-6.663091418122890630e-01,-1.068512566687701781e+00,5.943073244028428403e-01,2.578522205047721449e+00,1.289921992603098033e+00
-2.949860215147568354e-01,-1.117380468416996342e+00,-5.873605613224179844e-01,-2.771815478038984981e+00,5.364202662174570868e-01
1.576703411081278539e+00,8.179997160997415362e-02,-7.382816185931164732e-01,-6.216551223175829088e-01,1.501528600605662955e+00
8.244810475992834231e-01,-5.344841855450171986e-01,1.760378226163553883e+00,-5.343112947569630400e-01,2.207101186054241548e+00
-2.524087779199268855e-01,6.081191374310307429e-02,2.387951823138890539e+00,7.105208433845391358e-01,2.227069426769868521e+00
1.104242346084790771e+00,8.589882014384889741e-01,1.030645802871031247e+00,1.391380023604761096e+00,1.365841290386704543e+00
8.160794538237696738e-01,2.760642656746880585e-01,-6.785179977275790364e-03,2.380538599750495976e+00,2.250417250576814077e+00
-9.735940331329165920e-01,6.175574958422835881e-01,1.621018962121532958e+00,-9.463254942758150268e-01,3.251029106404756952e-01
9.044447555288828156e-01,-1.605037542497306458e+00,-1.713964406421602860e+00,-2.822390057054050327e+00,-1.391485759005423262e+00
5.289575079756054787e-01,-1.080453762984485033e+00,1.438459527999863985e+00,4.912941347157193661e-01,-8.606340380502424114e-01
-3.567104064197090252e-01,-6.294865548837410563e-01,1.435502719536519145e-01,-1.223935990083318881e+00,2.728195516266806564e+00
-2.996378247615273382e-01,-9.175732697879063204e-02,-5.448362559664866600e-01,4.458135680910476628e-01,-1.481970780311504754e+00
-1.695323690841490594e+00,-1.073399275551615295e+00,-2.340702679162310673e+00,-1.987104075650186541e+00,1.412515020950000366e-02
-2.656932928939094385e+00,-1.843095733357546173e+00,-3.014745156949198535e+00,-7.326334898482319558e-01,-3.384599101622733031e+00
-1.089795525650505414e+00,-1.487498541545540842e+00,-5.598690307521321685e+00,-4.256930154474471095e+00,-3.627915250932987057e+00
9.183790401679845505e-01,9.428878857794706914e-01,-4.636129376855313566e+00,-3.955379297240191327e+00,-4.714114487184169477e-01
-3.189050581086656511e-01,1.916574673356705949e+00,-1.345842799158437852e+00,-6.230712227008613269e+00,6.957805588434522459e-01
9.384146008955113194e-01,-2.312672616899870359e+00,4.841713798045758077e-01,-4.634759263767611159e+00,2.553123377926000082e+00
5.295569836920763773e-01,1.306029019040529926e-01,-1.377155318755082236e+00,-1.785940751570451734e+00,-6.097088942186323912e-01
4.274840616951654404e+00,1.662467242063011774e+00,1.663502882557857943e+00,-1.069970298627701322e+00,1.110567371155791072e+00
1.698122277314038087e+00,8.877383593951011509e-01,4.914943539934811589e+00,-1.582238718678226963e+00,6.817596851957175019e-02
2.287369735235934787e+00,8.272491494401602585e-01,6.023654812693411742e+00,-2.095445386600361948e-01,2.790220891028807326e+00
1.900426146893802626e+00,2.061980636141948597e+00,2.975955362078876565e+00,1.956612946468974990e+00,2.482894485299699472e+00
3.599099033910847734e+00,-5.543555694331159245e-01,3.440294394505550191e+00,4.771268901396572559e+00,2.127068387047096110e+00
1.287266913965892101e+00,-1.569567802228824416e+00,3.778877798613700101e+00,2.875231315170140522e+00,2.973686150287971897e-01
3.636368601567031789e+00,9.684449046148220219e-01,4.986226301554106399e+00,4.346504453569219883e+00,8.001595860901478119e-01
5.193148590462632885e-01,1.233025899998719588e+00,4.369762258329457083e+00,2.594251235432990299e+00,8.663352170755723725e-01
2.603140625293094867e+00,1.021430296783493397e+00,2.631515812502039253e+00,3.307496527725682256e+00,3.475346767639755363e-01
5.932937867353220707e-01,5.642221612007289888e-01,4.208752895645645253e+00,4.047440997114440719e+00,9.334698609269015401e-01
1.429723828734385638e+00,1.805023293962046749e+00,3.690700246911404747e+00,-2.383794788162862943e-03,4.816052752126945280e-02
5.431944819892329246e-01,2.093416024021145017e+00,2.119379133502164336e+00,1.236167410631791919e+00,-1.313190302303976376e+00
1.038334293652110052e+00,-8.240836547747092400e-01,1.686641187688731502e+00,1.770819199435962998e+00,3.493222499625638022e+00
1.917625583086562724e+00,1.215106740976409361e-01,6.124479820753608861e-01,3.680024395795559400e+00,2.292213474111598259e+00
-4.870462019872359161e-01,1.186010557566727019e+00,2.311549033220486660e+00,1.433791475519971215e+00,2.816477405338999151e+00
1.188947875826172673e+00,-5.055535424181201165e-02,7.587448284444331392e-01,-3.161565757313130054e-01,3.594954469763386395e+00
2.144185863671172476e-01,4.893854650351590063e-01,-1.705939213293786949e+00,5.376971165580599621e-01,-7.623969172016065166e-02
3.400366176357200176e-01,1.514730228564857395e+00,1.945681357229800845e+00,-3.698860994258543200e-01,1.149556887360959623e+00
-9.390651243165236417e-02,1.031154749578366392e+00,2.085280402022100965e+00,-4.236029072125024886e-01,1.079643485629637745e+00
-1.346993669093100365e+00,-4.462962373712930919e-02,2.600841060016862549e+00,1.627319457034234418e+00,2.212439604614618638e+00
-2.075221973605047232e+00,-2.150885784131206790e-02,-2.764772944406101107e+00,1.022901235143377274e+00,8.080961747412637175e-01
-1.666765559492220161e+00,-4.429173361885926363e-01,-7.415466042190217433e-01,9.223444905924251813e-01,3.389216376376249507e+00
-3.687946231011749454e+00,-1.747195647621753611e+00,-2.727904461777947098e+00,-1.905113555924732527e+00,-2.055012620501948106e-01
-9.966615711080875073e-01,-1.916362138541314319e+00,-3.873078468806619323e+00,-1.276044774786455838e+00,-2.058445874602611081e+00
-3.555523150634224194e+00,-2.266355225386030625e+00,-3.606440486849953331e+00,-3.205987368519455760e+00,1.942248425295590275e+00
-2.038089416195168813e+00,-2.568462691843084844e+00,-6.854159876595961265e+00,-2.001101261835205314e+00,-8.043197132911542591e-01
-1.688401978391790959e+00,-6.159205902337253624e-01,-6.578277695173915696e+00,-4.206822851493335236e+00,2.629614602753320707e-01
-2.328280817139336101e+00,1.692340727760487606e+00,-2.817278433925634484e+00,-5.208258964009592873e+00,-5.466834911903729610e-01
-1.063572291306784212e+00,3.722962762154665706e-01,-3.259097793862561154e+00,-6.237339657734557896e+00,4.518010025629349280e-01
-1.258642131780457918e+00,3.592018274061580252e-01,-1.403091521465793523e-01,-3.840032537677161351e+00,8.772002860281702397e-02
-3.244852152721754202e+00,-2.791508627481165128e-01,-1.622151434153488836e+00,-3.353699768368302525e+00,1.946163858124629886e+00
-2.098864864507532957e+00,-2.156578864649386085e-01,-4.349832878842441630e+00,-1.553535459342774816e+00,-2.128068466592812236e+00
-1.178587239401442943e+00,-1.699066579689914702e+00,-2.917726852505824198e+00,-2.180026353822168694e+00,-1.066727881102505160e+00
-1.248522937042576109e+00,-1.104644545990088877e+00,-2.659118549736915416e+00,-1.186289951318235891e+00,-6.854668794005063237e-01
-1.091130442827179303e+00,2.857883086610610995e-02,-1.367478187634626696e+00,-2.545983086562186415e+00,-7.721643867166423369e-01
-1.392108612317053407e-01,1.277998963881032513e+00,-1.098476861418617112e+00,-3.072691815031959095e+00,-2.523091962403376520e-01
1.267650471204307294e+00,8.803315372756248536e-04,-2.239904551355587969e+00,-8.712622496103754610e-01,5.878696565791421413e-01
9.463283918346503398e-01,1.819761027095815331e-01,1.457545594509169984e+00,-1.448338932337438267e+00,5.898577377704751212e-01
8.279471007544538796e-01,-3.342509720831287057e-01,2.040767382322728363e+00,-1.545069005270015117e+00,5.562093072718953257e-01
-9.863092597540248363e-01,1.241248830116292057e+00,-8.384882436112226500e-01,1.424649777033047071e+00,-1.576599828502110334e+00
-6.432061262638806287e-01,-3.827767823097263378e-01,4.935982681198577415e-01,2.327827706474609126e+00,-2.110829215334628195e+00
-6.631892585703628162e-01,-8.005987364126054828e-01,-4.569411122694517324e+00,8.900437432032574092e-01,-3.535034298606843706e+00
-2.009415024519403570e+00,-6.126674511704721660e-01,-1.319224111898555929e+00,1.781910278975099349e+00,1.331491290154192209e+00
6.503753089357824368e-01,3.334331191353528956e-01,-3.153904528487476266e+00,-4.227136100093928484e+00,-1.248467586524252493e+00
1.180488069125578132e+00,8.483789299014887764e-02,-5.489322742743579786e-01,-5.734118866970028261e-01,1.927871265447778093e+00
7.474409852340953009e-01,-6.065868926316839715e-01,3.156437643577221785e-01,-3.557495528327359935e+00,1.228767655492735589e+00
-1.213770680018522619e+00,-1.086986244690267167e+00,1.565078808270731869e+00,-1.357551839219256484e+00,-7.611921049447478715e-01
4.210368628812023450e-01,1.752990160063086222e-01,-2.483460562056311716e+00,-1.409752602031046242e+00,-6.581406180588444954e-02
7.376449555115359713e-01,2.361901064566801711e+00,8.574574655906389564e-01,2.310574253259924049e+00,-1.346536633452765752e+00
1.085932360668401708e+00,3.235630346926608780e+00,1.174660362046702211e-01,-1.721671307212393032e+00,-1.860851249482080860e-01
-1.825237555688133395e-01,1.839166899595522375e-01,2.790824137149416906e+00,1.369544241061261935e+00,2.660049905804283132e-01
-6.787074449966024048e-02,8.174497439192544013e-01,-2.182129159941388785e+00,7.088260797606636965e-01,-7.646683907127760360e-01
7.681945089888353451e-01,7.972503103820726134e-01,1.420727430224200116e-01,1.714991091100895426e+00,3.201275336235249735e-01
1.389287598797723344e+00,1.164533696884064440e-01,-7.084804785536178429e-01,-1.514374109445893790e+00,-1.466442259423520245e+00
5.342512105825456548e-01,1.476481951997968556e-01,8.266038778051387759e-01,2.157914048651330852e+00,-3.818744469494033122e-01
-1.280474275079517721e+00,-9.169376594658206203e-01,-5.130589099330160607e-01,7.729156533643284366e-01,-9.326761189891616954e-01
-1.416725421549925423e+00,3.996011567540236342e-02,-2.069747459274792867e+00,1.760243226723276599e+00,-2.984010947666385416e+00
7.235378089383933675e-01,-7.754763725888277337e-01,-3.787377183946591952e-01,1.488095289169300894e+00,-6.660216962497993443e-01
-4.610421921738329099e-01,1.110659716665654551e-01,-1.945773681196336202e+00,1.045458074069625098e-01,-8.119136275279854598e-01
1.187222555550512926e+00,2.744617263540078955e-01,3.090479053383891062e-01,7.335521446166668458e-01,1.254967589734783617e+00
-9.909112666467807806e-02,-3.761329375741395697e-02,7.773778593257338332e-02,4.436641005548457306e-01,-1.406315783415100995e+00
-3.496623803862946023e-01,1.200077976044733763e+00,1.046157979965902207e+00,-1.286358399959112164e+00,2.035701222920687226e-01
1.525943222546104483e+00,2.298954212245107431e+00,9.318934272024156917e-02,2.040769431692199376e+00,-9.983423405082616497e-01
2.153455466573603871e+00,2.670165158494616442e+00,4.431156143380380108e+00,1.468921089513180345e+00,7.215332203035583758e-01
1.509380318458621195e+00,4.635114739071239942e-01,3.121349175865637537e+00,1.623016773610043373e+00,-1.050952171472703700e+00
1.357432690443543644e+00,9.104275716075886926e-01,4.473852473886624992e+00,3.289959844215668561e+00,-1.175807197630033551e-01
2.959668934240476723e+00,-1.287564027869699812e+00,2.737674301626458195e+00,3.390539069850683873e+00,-8.197292432131777495e-01
2.560350479485580699e+00,-2.083964424682307914e+00,2.123651063967741948e+00,3.432436647242044891e+00,-1.400589407958215293e+00
2.438363645583474515e+00,-7.509829036083882636e-01,3.794026918824170647e+00,1.910600443219494959e+00,-1.241064452337201196e+00
5.213617952356021767e+00,5.220080534683402274e-02,2.098901318165350638e+00,4.990740284067425314e+00,-1.458559693983184191e+00
1.959768160872285225e+00,2.639206948888465076e-01,4.157752183449623828e+00,3.442783140490779825e+00,-1.694943315700476960e+00
3.331524173483351614e+00,-6.591158532650186475e-01,1.247264072424098647e+00,3.188660740129582116e+00,-2.009865969675748598e+00
3.279323992950772038e+00,-5.098332157053606650e-01,2.926448568506735182e+00,4.426078761262131067e+00,-8.789661399128108066e-01
2.906698367425033958e+00,-4.538016390981916004e-01,3.862606863715708272e+00,2.434088589837981598e+00,-8.598231205827557844e-01
1.432938785804195536e+00,3.406596015432841740e-02,4.627005336660921841e+00,4.438789195159329459e+00,-1.364600528595266482e+00
3.141941872731984553e+00,1.186547576780794699e+00,2.052246268189622747e+00,3.852549493448878870e+00,-6.241050797358549396e-02
3.153084329814466180e+00,2.626939193273828188e+00,4.351790333958722279e+00,3.911366658861705758e+00,-7.383666886026462040e-01
2.054768258860454999e+00,2.437172399477276485e+00,4.850072803309299907e+00,7.845345564559329521e-01,1.672386462184551226e+00
2.242292794263668565e+00,1.191373229309564241e+00,2.262919910768089071e+00,4.749691410079344145e+00,-4.226805814254069205e+00
1.412828168624902236e+00,1.389605550734114958e+00,4.347600672010112355e+00,3.003306437946500207e+00,-6.905367517183722548e-01
1.861316487268962483e+00,1.239415056139528293e+00,3.401244180203796930e+00,3.665427075029309201e+00,1.425924003192684753e+00
-4.979854288784154592e-01,1.186197217423407890e+00,3.632129132841070085e+00,4.526383388906439542e+00,5.389774483137677041e-01
-2.710069176746628394e-01,-1.495696166158021922e+00,2.260014113112238654e+00,1.035625639157131239e+00,9.959057168859021258e-01
-2.534014212848362479e+00,-2.379526477918055161e+00,-3.554665584919400878e+00,4.624419971330762991e+00,-3.034781511346283267e+00
-3.505784840240123934e+00,-2.111661630935553813e+00,-1.526636513018249541e+00,2.089589307707684807e+00,-1.332436681235219522e+00
-2.634135856523657448e+00,-2.568828288927808234e+00,-3.120768021189962216e+00,-1.816476236431160185e+00,-1.002876344778660389e+00
-3.867019962940676514e+00,-1.358071213758650142e+00,-4.547392976454029956e+00,4.543558590384095819e-01,-5.807554011177444853e-01
-2.845400006764171597e+00,-2.912408807540340927e+00,-7.363565689419271365e+00,-2.252928019420532557e+00,-1.097597237391857661e+00
-2.689994501195525078e+00,-1.554488113837248831e+00,-3.313719085723475732e+00,-2.801703615566474515e+00,-2.952170456652617681e+00
-3.269045312087972555e+00,-5.811783383806090608e-01,-1.187022470445712408e+00,-5.757889178361482507e+00,1.710425982828037705e+00
-5.210896729818076167e+00,-1.731115389513061986e+00,-3.476198765778262700e+00,-2.577323059919343962e+00,-1.728200457039659632e+00
-3.289035223115914786e+00,4.236965712611856505e-02,-4.917965623866380476e+00,7.386907045493908974e-01,-4.218688483696665159e+00
-4.840140438329337158e+00,7.732948137417960943e-02,-3.364193428373294381e+00,-2.377196534196991173e+00,4.505932803119876429e-01
-2.557128066057183791e+00,-1.217548909714428307e+00,-5.606802826622299563e+00,-4.725055233635569785e+00,8.741424488779431234e-01
-3.178401764051288936e+00,-9.534747859935199799e-01,-3.458327114633461541e+00,-2.369416306751024770e+00,1.471551353532194462e+00
-4.665028354854943160e-01,1.990857373439957279e+00,-3.267625381021432851e+00,-5.551327047593678010e+00,-2.025985391733913232e+00
-1.095608531550166465e+00,1.721010179017478325e+00,-2.354352331535841003e+00,-2.518897995096947007e+00,-6.082348402120474340e-01
-1.369678562498454877e+00,1.838445283093983695e+00,1.060052437301638451e-01,-3.084403682680970871e+00,2.689585612396708125e+00
-2.060423319579467449e+00,-1.924883508802579080e+00,-5.360945331787679846e-01,-2.905805886568798790e+00,2.555252381152032237e-01
-1.148101709218799060e+00,1.521965547863730617e-01,-3.873014285614507557e+00,-1.813867895183176371e+00,-1.074253985596945515e+00
-8.509324620022715724e-01,8.400066597744670904e-01,-2.978411804165637111e+00,2.944321386882500780e-01,-4.217512841819103464e+00
-4.450009426446309146e-01,-1.525350507192345217e+00,-1.965664700493966466e+00,-4.182661634929786487e+00,2.041135631971425113e+00
1.707859594703251271e-01,-1.102524755448839544e+00,-1.121126097773415431e+00,-1.692777858323817997e+00,1.603584878060523078e+00
6.304306639737697893e-01,-1.244093505912709841e+00,8.496244444410125940e-01,-2.317896239800870006e+00,2.758782439618047810e+00
1.581143134759233959e+00,-1.403362175084890806e+00,-2.762636521966837511e-01,-2.183949073778177041e+00,2.317977296690505173e-01
6.334636808047786616e-01,-5.164136796528148166e-01,-3.768649217537738405e-01,-4.806211725890549014e-01,3.237010379154793283e-01
-9.612424575325279053e-02,-2.413080446540153412e-01,-8.616937523487858686e-01,8.536864983965908316e-02,-5.479923591553022000e-01
1.112472549747951733e+00,-2.224416705442888720e-01,1.494922093811129615e-01,-5.199436807145185746e-01,-1.776020601395829290e+00
5.096525579790113225e-01,-4.124412042801073319e-01,1.538549728586594334e+00,-4.755332936049873060e-01,-4.568229359273130452e-01
3.252051859571201131e-01,2.552620681674468539e+00,2.361887504060181442e+00,1.647189432342531124e+00,-1.125929633307305666e+00
2.825767100777586971e-01,-1.707023593342494650e+00,2.425983982201003641e+00,4.118993455469514009e-01,2.959238511988173670e+00
3.391598292515318747e-02,-2.216604939587059508e+00,4.108877783520709093e-01,3.343730759703076760e+00,2.471186696168619967e+00
1.439965276018843054e+00,1.262335808601144471e+00,2.446318466863235841e+00,1.024853543000133094e+00,9.583707601039918034e-01
1.347362721937551910e+00,7.388947949663839943e-01,1.899833458271755537e+00,1.671810055447047194e-01,1.177572487228456533e+00
-1.152128626630166686e+00,1.442853768236383338e+00,5.011851380293876890e-01,1.261178559048599546e+00,1.534282085066935863e-01
1.392489649204122770e+00,1.565734795844875293e-02,1.973721421717200553e-02,1.907254103802669798e+00,3.014877227874266374e-01
-1.326993231823176522e+00,-1.504391206272292614e+00,1.847016803052799805e+00,-1.861144303246406562e+00,6.839095121025835500e-01
1.271686518208005601e-01,-2.132792108266132303e+00,-1.624677426217797205e+00,1.819153127449721907e-01,7.966320865542841911e-01
7.025601049334070369e-01,7.887664326458092567e-01,-8.323998316401655106e-01,-6.230175432410334224e-03,1.075011288836115630e+00
1.964464371694113032e+00,2.008849766116779234e-01,-9.847797680845822299e-01,-2.609737585140626148e+00,2.120528412945701380e+00
-2.449162801592008609e+00,-7.314733618683514349e-01,1.588167985355976697e+00,-1.557513923939190192e+00,3.822853797608453674e-01
-6.882136214499682270e-01,-2.579524530355649659e-01,-1.301078075313140126e+00,-3.405186170301075510e+00,-1.348086123040382001e+00
-1.434463657466873876e+00,6.712358444405006619e-01,-1.713019234332052942e+00,1.273240600139051271e+00,-1.079691471021419158e+00
1.360996013288564566e+00,1.180964219491268175e+00,-1.809478706823286709e+00,-9.568871923525743561e-01,-1.392363556515920919e-01
7.450353742032898019e-01,3.461863646960136043e-01,-4.770965801239965831e-01,-7.229923623847545056e-01,3.356791326044195056e-01
4.646366201550444774e-01,6.932591327449124652e-01,3.113552062246533136e+00,-3.349290111940887105e+00,2.672689107637723716e+00
2.548707084560001057e+00,1.174599434166793799e+00,1.025242443846329898e+00,-2.962326145389048815e+00,5.156636456036207683e-01
2.367289659976892224e+00,1.744707736876969228e-01,3.232207348317561735e+00,6.004070469064901605e-01,1.706509234463808422e+00
3.941800173520199291e+00,4.195559273311133541e-01,4.514915725966174520e+00,6.991750988379585863e-01,9.561703826353920022e-01
4.076532214626022999e+00,5.676166518814311779e-01,7.387817139932362664e+00,3.130897055938733686e+00,1.775959999319493887e+00
4.553641903590944118e+00,-2.182426294567432756e-01,4.449025625609789536e+00,4.108132745016436438e+00,8.348732331424816300e-01
3.254731951461915074e+00,-2.523091489438973767e+00,4.623367417572723070e+00,5.219971840928709916e+00,2.289734670999979294e+00
2.470526889807445059e+00,-2.472982591137518060e-01,2.427719891814328790e+00,3.721347365429226173e+00,-2.182314200490104383e+00
2.233915449022598310e+00,-2.694230895910103007e-01,3.155339113111757410e+00,7.708500773667631423e-01,8.270039726588435114e-01
2.331368157895665760e-01,-1.153310691761407991e+00,2.781385446180888898e+00,3.404805765475048318e+00,1.211868892710233903e+00
1.956507203734023204e+00,7.370135093140661731e-02,2.206848061695847019e+00,-3.613893336614941720e-01,-4.730387506556341104e-02
1.082609511880626929e+00,2.917542880976967901e+00,1.119661640307117345e+00,2.463456326275282215e+00,-7.030140280895436078e-01
2.966157404638427586e+00,1.472882140310256327e+00,1.876811366797249248e+00,1.078677909854840022e+00,-4.314246348779259277e-01
6.736948512824844082e-01,9.500629177430808259e-01,3.878758017743804132e+00,2.902787038481246640e+00,-4.570184632466604002e-01
-9.300615114258895533e-01,-4.423673705483861518e-01,2.400614736308054109e+00,2.722886628727904768e+00,1.549412241067269491e+00
2.075750127769109277e+00,-1.874991251871529263e+00,2.421811601194088226e+00,1.793789857900967899e+00,2.641365533645201324e+00
-4.628284079885985336e-01,-4.491288161427927639e-01,1.507117015560359707e+00,1.169058009864106129e+00,2.151145891451520242e-01
3.697319830922640715e-01,1.402264491152427794e+00,2.133307940535183800e+00,-6.934075926251732636e-01,4.883175402049074521e+00
-2.044122789968171094e+00,8.337471562382187118e-01,8.750453949660765840e-01,1.809179694706393837e+00,1.921571155513692286e+00
7.454041117535371574e-01,1.339999042820464670e+00,-1.287603652036138246e+00,-1.529515160180060507e+00,-1.311348087606163837e+00
-2.575823839168557283e-01,2.322287318167328252e+00,-6.059778411556016042e-01,3.509270532632692952e+00,2.691622046638550980e+00
4.313979511031496017e-02,-1.058971187938256842e-02,1.614337801020768515e+00,6.687993976008863584e-01,1.341746231725521543e+00
-3.128810084452269269e-01,6.173093924773689206e-02,-2.948355359928377384e-01,3.155470455574044264e-02,-1.522319903711220057e+00
4.042514890932423777e-01,-9.889635831182556902e-02,1.079212119957961180e+00,1.586212126584023885e+00,-2.693148423486430021e-02
-2.399580465713104793e-01,-5.233403883731980732e-01,4.579259422206669594e-01,4.055567650660367729e-01,4.754798428555226941e-01
-2.221100004236142844e+00,-5.940968148247116609e-02,-2.845781346554033808e-01,5.616599680907519154e-01,-1.526805282422534438e+00
-2.132848724415881581e+00,3.356945838175630081e-01,4.982793461418246750e-01,1.175729457457973970e+00,7.414480612249871871e-01
-2.164214229902186482e+00,-1.209367165568037583e+00,-8.348153815323540172e-01,1.181804257987439932e-02,2.621052184389713879e-01
-2.814983773220406160e+00,-9.707133394540690130e-01,-2.839262746695619288e+00,-2.814646802096385514e-01,-7.572563345540653801e-01
-9.935664610233032601e-01,-7.060670180221579884e-01,-2.913995262822720367e+00,6.340659337140200913e-01,4.898684518416104861e-01
-1.356100068936863856e+00,1.820446821749515665e-01,-1.991671312423479279e+00,-1.935965779118288044e+00,3.349241480505287250e-01
-5.734865110011390099e-01,3.090671357291536747e-01,-2.475031134402142285e+00,-2.204745377187911082e+00,-6.079799017118159288e-02
-1.224037705827108136e+00,1.687051557438291605e-01,-2.489223652864021918e+00,-4.367206124006535184e-01,3.649330550206273394e-01
-9.916057079319904322e-01,1.674106493112138327e+00,-1.282072900848233887e+00,-3.088823527108091049e-01,1.379087372764414177e+00
-1.012696635117621424e+00,1.645840988026742169e+00,-9.772658238934710528e-01,-2.466881258476870897e+00,2.048442545138284832e+00
7.642664168665519453e-02,1.278332351698313385e+00,2.562405239539192525e+00,-8.586664534166104090e-01,2.700611811384366234e+00
9.206161069346119330e-01,3.648649394134697577e+00,-1.209465168403962787e+00,-5.528178439656459275e-01,9.743251715985027372e-01
1.654325451942208591e+00,1.254091250668024848e+00,1.359398804509819314e+00,1.121591718797828374e+00,-1.204376657560734198e+00
8.737342260601199673e-01,-1.587265255644864759e+00,1.399560576918711829e+00,-2.339656096748987668e+00,8.196011177527353642e-01
2.568743717822875361e+00,-1.316133075769782668e+00,-5.604883225866412744e-01,2.438974906502402007e+00,5.873837471816883982e-01
2.064883776572402851e+00,-1.005118424319829895e+00,2.947969362668540150e+00,2.908684349487516974e-01,-5.597805777585729281e-03
-8.993118244808154804e-01,-1.049307777282173060e+00,1.286597521378435971e+00,6.101324747025862472e-01,-1.637793909020204275e+00
2.098785873098497068e-01,4.745410303865990054e-01,-1.393043585344563295e-01,4.496499968677488468e+00,-7.191711163723136790e-01
-7.202545767412751321e-01,-7.932972659535595383e-01,-8.018464088489916097e-01,2.721065605166077539e+00,4.222184011909981827e-01
-5.393054006330122441e-01,-6.825839653623462233e-01,-7.999983303192204076e-02,1.688773663385007007e+00,-1.665556977556279739e+00
-1.400428563439859442e+00,3.833002937431674861e-01,-5.343537896417333011e-02,-6.961749760522463193e-01,-9.039901091813238310e-01
-6.704502831381864425e-02,-9.064111916899492138e-01,6.181102984107940124e-01,-6.849842822147376165e-01,5.336420559795004293e-01
-1.051136918695658062e+00,-6.527001950209188053e-01,-8.584195942927603795e-01,-1.303476230509261313e+00,-1.167222325833699781e+00
1.538966199084557118e-03,5.625550206273390863e-01,-1.278394967463772014e+00,1.473474419986251283e+00,1.221368444004643727e+00
-7.095027434742928740e-01,-6.814547708164175877e-01,2.640069767627858166e+00,-1.079609035735872968e+00,2.060733060767088731e-01
-1.202486771831380086e+00,-6.892679363166265283e-01,-1.827426015328491304e-01,-1.196430674275872352e-01,-1.425514529536173303e+00
-1.563915783740561505e-01,-1.169225579888674371e+00,-1.770053388078939083e+00,2.135745361421292898e+00,1.119206331030941914e-01
4.578981107761328495e-01,-8.451544587736393721e-01,-2.284361189013695892e+00,2.901046411595642471e+00,-3.396736954565210631e+00
-2.177205366487597882e+00,-1.907185578782300883e+00,-1.961224538933485473e+00,-2.417889726668560613e+00,-2.785908409575999833e+00
-1.757090659152072964e+00,-1.178605884652339508e+00,-2.660657478704457457e+00,2.444117699923520348e+00,-1.973908875459011725e-01
-2.264879566740176209e+00,-7.534836274118807964e-01,-4.537104458764932069e+00,-7.937365404899399124e-02,-1.665470471698972332e+00
-1.650101068274764993e+00,-1.929787874886548238e-01,-5.450813046229192160e+00,-1.464863508013669158e+00,-1.517934760918119741e+00
-8.346055567862276092e-03,-1.503571285824866655e+00,-4.493268002946281925e+00,-4.033176188391072614e+00,-2.760088193356568187e+00
-7.103926230735795322e-01,-1.131254923700105719e+00,-6.794753325577143066e-01,-2.761431240450565650e+00,-1.495752406896960096e+00
1.024897098302827159e+00,1.451851519114137901e+00,-1.231927382797135095e+00,-5.378937706284493636e+00,-1.334127716202452962e+00
8.860548872148217292e-01,4.903650166383073383e-01,1.409400325701779089e+00,8.579927097913464529e-01,1.370989693777605822e+00
2.610068679513209977e-01,7.533002269071313872e-01,1.884455771633710031e+00,-5.344113049240672986e-02,-1.881907938141490488e-01
1.219915896952841639e+00,1.619586370444568768e+00,3.101602122633184244e+00,2.688311643307344401e+00,1.181017337221188068e+00
1.715568703293322006e+00,1.832699294260290435e-01,1.544207722010544792e+00,2.704902261471474390e+00,1.494922910344341549e+00
3.014844405759591339e-01,-1.238716061179715666e+00,1.651610761449477494e+00,3.863991168333634096e+00,-8.574498479489862657e-01
7.505681212252572898e-01,6.708638870028613699e-01,1.788831692906721171e+00,2.454953386494631573e+00,3.302187610983514654e-02
1.288970972323425501e+00,4.415446528973454576e-02,3.180607883534123381e+00,1.134962834560522493e+00,-1.933485633874274745e+00
1.255346480417495858e+00,-9.484583045993049133e-01,1.518022776728304990e+00,3.700069746723351649e+00,4.761412492273576214e-01
3.712707750903086357e+00,-1.223557708627340812e-01,8.649129764867886649e-01,1.774620031755057337e+00,1.799330018680368459e+00
1.828601350503566536e+00,-3.793653089601923822e-01,3.641680690643030793e+00,3.552439195365175717e-01,-4.248914140646613546e-01
5.660186313888940779e-01,2.627490967458759319e-01,4.492940740787823906e+00,2.176978347458758289e+00,1.384127026335139343e-01
1.142128574692026222e-01,1.708397170693072509e+00,1.868567074641462433e+00,3.670138706581282939e+00,-5.963667798826044475e-02
1.607432839881916542e-01,5.816115584742691524e-01,3.052248830421578241e+00,5.254771868702517779e+00,-1.123736032064281520e+00
1.352128623352718551e+00,-4.534916156213135707e-01,-5.309447139108651736e-01,2.513140268197460614e+00,-1.482382561437622925e+00
2.572080192107016217e+00,-8.066941040063786428e-01,5.609259014361331896e-01,2.892000919900842071e+00,-1.958413038095892178e+00
1.139116425450328318e-01,-1.255047215795600080e+00,3.624885553095296142e+00,-1.685950214535480440e-01,-1.955306086279550826e+00
1.262562589343462438e+00,-1.003654184083096812e+00,5.241378513662758865e-01,1.597985934118955065e+00,-3.169487525925756444e+00
1.716225841870211988e-01,-1.465575144454855927e+00,2.558038610516163658e+00,4.945254223383130920e+00,-8.379307125591426431e-01
8.642014673969544702e-01,-3.573642572450814736e-01,-1.197944017057956501e+00,2.143161906322902155e+00,-1.859432254607385371e+00
4.123231255882690571e-01,-1.319863887693511817e+00,4.299354354696377278e+00,5.714988670209356414e+00,-2.002827376045628327e-01
1.052195494246711827e-02,-9.429915355834610491e-01,4.717265671534121019e-02,2.862324406597696047e-01,-3.994569148080880927e-01
-2.276640267695672071e-01,3.309376762543703165e-01,2.290035581407605214e+00,4.815073228716663323e+00,-1.484703929877449147e+00
-1.489817265944920477e+00,3.079633135310681169e+00,-5.839135934201817868e-01,9.637441260164714141e-01,-6.694765509648914481e-02
-5.738642163556106901e-01,2.135587711358125418e+00,-3.085357838129080488e+00,5.056592451747251360e+00,-1.550968010046470447e+00
-3.063134918992956202e+00,1.906974648132401251e+00,-7.802380584455850809e-02,1.215156267980979976e+00,-1.710472343884365420e+00
-1.403814716402247198e+00,-4.068259488238035737e-01,-2.689591282768305724e+00,-1.785946049604590247e+00,-4.231161636599985454e-01
-2.410182911513518711e+00,-1.954801684829659436e+00,-4.171442222726098770e+00,2.106291222266936991e+00,-9.191184185309839716e-01
-2.973378748895883383e+00,-1.459079454871627268e+00,-3.767367442121072774e+00,-2.430948250573373048e+00,-4.150002746287131394e-01
-4.233106141425366786e+00,-1.328743409393975838e+00,-3.011920549844401052e+00,-2.361394067719399636e+00,-1.887970656966548422e+00
-4.005240139001507771e+00,-5.889594097373185289e-01,-4.789749029953665804e+00,-3.509005759114388390e+00,-8.875202628051391818e-01
-3.035997763617213074e+00,5.452477897604368628e-01,-4.354054071923530778e+00,-1.527616343820956679e+00,-1.219490356947668275e+00
-2.249047392865894945e+00,1.395846076531926272e+00,-3.581744965658986146e+00,-3.161605327771271234e+00,1.960854146060529324e+00
-2.961735760273502827e+00,1.107673152688492202e+00,-4.558365160979509945e+00,-5.195769122065826195e+00,4.310935836221757023e-01
-5.861368902747254861e-01,2.174981125295478712e+00,-2.473021222799598462e+00,-3.602851147642402108e+00,9.645362037363459651e-01
-1.925186183306212495e+00,1.978606893324895255e+00,-2.454416475248858642e+00,-5.134262241827132200e+00,2.438875900385792939e+00
2.195525376745021684e-01,1.600645886477757074e+00,2.993627612948246419e-02,-3.755517302813295544e+00,2.187328891621747928e+00
2.249173707569163128e-02,-1.097627757949724003e+00,3.870710540382783504e-01,-4.134520168758175629e+00,1.472648712926575065e+00
-1.713780649231034126e+00,2.269940960330723012e-01,2.001334278003203682e-01,4.584321275885672176e-02,7.902262338141208264e-01
-2.231349354342568425e+00,-9.114990722593806494e-01,-2.802553635559061895e+00,3.911314086822796909e-01,-1.621478030622024669e+00
-2.232609666783933910e+00,1.796945453501075374e-02,-1.651626264766474117e+00,1.756215728928582021e+00,1.771265432048946487e+00
-1.185529232974542602e+00,5.766666308728189971e-01,-4.100706355016376037e+00,-1.372465619607776910e+00,9.105854909675743514e-01
3.863592228908153681e-01,7.510460136757270977e-01,-2.237737953508078803e+00,-4.659667859256513278e-01,5.315427499462108685e-01
2.332395132095533841e-01,-1.109546208059725370e+00,-1.002425010520897830e+00,-4.097015782646502124e+00,6.953722021546782095e-01
1.588166053941457934e+00,-8.729422338451063856e-01,-1.836307379239162874e+00,-2.898361571046145002e+00,-1.113000155788867351e+00
-3.209981857412628869e+00,-4.991877709524681350e-01,-5.993713704676542076e-01,-1.713939276982084259e+00,-5.547033356618362721e-01
9.790784549349514920e-01,1.680147074053114142e+00,-2.665438558995006257e+00,-8.440018403170119754e-01,-4.614304515533188544e-01
-3.666866672792710724e-01,1.628348065473564255e+00,1.924744278600827307e+00,1.474763606939241134e-01,2.911616351296222316e+00
-1.092324839969562866e+00,5.413066317576303854e-02,1.518705458914023643e-01,-3.540428220039717910e+00,2.112192453314408080e+00
1.151053856003490639e+00,-9.583872324424203004e-02,-1.432668104436503720e+00,6.643381246483948122e-02,-6.865899574226230762e-02
7.428695200549303435e-01,-8.904128981664275466e-01,4.137897241502028201e-01,-1.724650650620733527e+00,2.256156975494114647e+00
1.893234364605858921e+00,1.413195811102659238e+00,-9.706515686635208695e-02,-2.870636450829479713e+00,-1.506515761238931272e+00
-5.823299840572051522e-01,2.971044638248746539e-01,4.371812170908760287e+00,-1.768264012089352244e+00,2.462817402284381174e+00
1.333558570215573225e+00,9.939755504394002239e-01,-6.334192796630649935e-01,-4.410443498904605963e-01,1.390827806761950614e-01
-1.162285219613300891e+00,2.705879924703898709e+00,-3.265197038347186220e-01,1.359966106819602061e+00,-1.034903716871033996e+00
8.221857998476020946e-01,7.639288025321430142e-01,-2.686228792131479803e-01,-1.079459424917139199e+00,-1.949375685386628643e+00
-4.045179295694701915e-01,1.680893717381991115e+00,4.069680483696592188e-01,-4.920835639050943344e-01,4.610889691816099645e-01
4.261782728182496316e-02,1.803333642618772714e+00,-1.244594250723159101e+00,-6.222108383601552273e-01,9.501845889421023372e-01
-1.746034668895889652e+00,2.389704472124083434e+00,7.649601265406964501e-01,1.285587871537598570e+00,1.481971817312947026e+00
-7.656308372268200158e-01,9.004692470298003570e-04,-1.505937633585029412e+00,-2.064466614352920892e+00,3.395230838499052162e+00
-2.344181491189553768e+00,-1.914823769993740266e+00,-7.902299633238284438e-01,-3.658381480001713371e-01,5.092114393845617037e-01
-2.580603624427413756e+00,1.684577619286926620e-01,-3.550021693748464546e+00,-1.109535451794844585e+00,-1.127955117183090827e+00
-2.132225403139813125e+00,-1.918598230972735186e+00,-4.449492958890532535e+00,-7.801173558148706277e-01,-1.022247901482287169e-01
-1.156801258678809008e-01,-8.631613334387889802e-01,-4.796201252871942877e+00,-4.255035907705109643e+00,1.499017144539364299e+00
4.616088843469272618e-01,-9.454283458562119380e-01,2.855813823767904824e-01,-3.642751810307462534e+00,2.657051193352657048e+00
1.214765633301535530e+00,1.492630404753813589e-01,-1.699750962751866989e+00,-6.202587263043876753e+00,8.920801434399694418e-01
1.750212867492463853e-01,1.155896777345386317e+00,-1.623346188720728778e+00,-2.980123618487264814e-01,3.675753825838917743e-02
5.858811649994616344e-01,1.159773408677707396e+00,1.537357644433034576e+00,-4.687856169065773848e+00,4.688000970010040014e-01
1.830354537857000974e+00,1.736403984940212419e-01,7.195287221044038839e-01,-2.672024370259764581e-01,4.997466363525595034e-01
2.955083130370523392e+00,1.468749919232112733e+00,6.290585083506450292e-01,3.169833571267333117e-01,5.068315877512519219e-02
2.305339139421885619e+00,8.570299065155361218e-01,4.134390330403496350e+00,2.184461141909509685e+00,-6.985476185197285748e-01
1.744577843974197240e+00,1.219455786572128803e-01,4.482060289319784729e+00,1.982123182995654487e+00,1.693830428711833314e+00
1.050431594522089451e+00,-9.099005775188593326e-01,5.151055242585624860e+00,3.670991739598275849e+00,1.181645842186044071e+00
2.392636448086228995e+00,-1.879304871217562845e+00,1.074334524898485910e+00,4.640625168429286518e+00,3.700456661805164860e-01
4.660075233023373009e-01,-8.356298899302698757e-01,1.783360952897767415e+00,5.165007334308101328e+00,6.775421174587054063e-02
3.133245289060806016e+00,1.148715904712594549e+00,2.241923316522191456e+00,2.402457033315327228e-01,8.946628210831644168e-01
-5.155837329721579820e-03,-1.015873249651913168e+00,2.095757876458046010e+00,6.793714195943130196e-01,-1.019536919051305945e+00
1.942288130262236345e+00,-9.922467854412158061e-01,-1.059330723201367341e+00,-9.181825970104404711e-01,-1.532159088144110726e+00
2.255730934546915645e+00,6.680053566963598533e-01,2.798293816752919216e+00,1.394199956041329624e+00,9.295709600690691410e-01
2.024247935659746922e+00,6.621416704057137004e-02,2.195795042995494661e+00,-2.053837350975578957e+00,6.983085049581824189e-01
2.162238628636610649e+00,-1.184218366377439713e+00,3.981465955212114327e+00,1.800422400738571849e+00,2.234041732326659702e+00
-6.512089171877523119e-01,-1.477734189996067649e+00,2.784590370711557128e+00,1.538498805957903004e+00,2.847151785181111783e-01
1.449853210671480319e+00,4.406186391060381569e-01,1.255498187224907136e+00,1.194753486919374996e+00,2.238465255415575061e+00
-6.014746589294565071e-01,2.292329134626072573e+00,5.100617452755050962e+00,-5.798769434969859304e-01,2.284039526856826097e+00
-1.679414966199865855e-01,5.667151073286822438e-01,2.711693998611780509e-01,-3.495637437469202302e-01,2.059432442896203863e+00
1.373466824447233670e+00,-1.512085252840929206e+00,2.474817648935579761e+00,3.383345378856679186e+00,3.432577452887474845e+00
6.445350146203966402e-01,2.624479632113673189e-01,9.913203702643760273e-01,-9.154422014645197114e-01,1.906976517032667573e+00
-1.093924011126167217e-01,1.303120134619716319e+00,2.663972868158559493e+00,3.160162822845204444e-01,3.269399576677790797e+00
2.586598936557117367e-01,8.415631724143191050e-02,9.606790720879406775e-01,4.557405230971913745e-01,1.616814711799846149e+00
-2.417393818256151405e+00,-1.224577155802585304e+00,2.419843935689388825e+00,1.432226264023375162e+00,-1.808261867921897581e+00
-2.074639672842568672e+00,-1.170967146125617253e+00,-2.091322404638861876e+00,-4.639057479320518596e-02,-1.516389838707090432e+00
-3.347811468829352766e+00,-7.738085066606028573e-01,-4.104153731425679297e+00,1.039707733432837733e+00,-5.785384455509084978e-02
-2.614551262400022225e+00,-2.747347683113986472e-01,-4.203945748928942017e+00,-2.634873835641210693e+00,-2.109963688112487246e-01
-3.027534502310524900e-02,-5.212233004639053036e-01,-5.461698433392713881e+00,-3.698375315857049817e+00,-8.166943721030355263e-01
-1.023529771848251224e+00,-1.123556296326235771e+00,5.349234361432192442e-01,-3.522043538801086449e+00,9.251294235999925064e-01
-2.678264079602636016e+00,6.754881382693593839e-01,-2.313847191848375395e+00,-5.288906221050951650e+00,8.766081653739019597e-01
-1.217964992181435502e+00,2.965589559622835436e-01,1.363632505570944176e-02,-8.217031937265365515e-01,1.276543054566785740e+00
-1.076313350708727690e+00,2.589089922792265241e+00,-2.232569978311540915e+00,-2.767408860668726156e+00,-9.082277225122505904e-01
-1.660468411873722072e+00,6.407547170128434777e-01,9.532453537869289839e-02,-2.395180746592976417e-01,4.894061206620935467e-01
-1.311333086402482584e+00,4.347055882239364566e-01,-4.881180278131560524e-01,-1.648898749766924965e-03,1.360210232459744262e+00
-7.431850522218064192e-02,-5.769889181049724369e-01,-2.799644978534230777e+00,-9.113635650028097945e-01,-8.690209035593006170e-01
2.076723396092208684e+00,9.119513054542741637e-01,1.001817304698481514e+00,-1.586375317254966388e+00,1.237683344912446026e+00
2.270686595235170024e+00,2.702219021421663925e+00,2.684135117551135430e+00,-2.166995595475633696e+00,1.255704855194113900e+00
1.856083684637110709e+00,-7.774906974387703062e-01,2.334421213919417148e+00,3.539153476081245975e-01,-2.352585554064452467e-01
9.809140293816611678e-01,-6.266629947467670103e-01,2.382457477319196215e+00,3.819006270415190141e+00,1.504857071846944061e+00
1.741530334312850092e+00,-1.463076436225384525e-01,1.460642056091603802e+00,2.662620267724403966e+00,-2.368558181722489664e+00
-5.418146151996859894e-01,-1.924459094681598925e+00,1.573762252453732469e+00,4.080832267705569727e+00,-9.665270876846847603e-01
-1.014924927424303291e+00,-1.399939714935527935e+00,-1.764206095908622540e-01,7.871465720000477839e-01,-1.255811270068016183e+00
-1.904483042514763635e+00,-1.943112594937217219e+00,-2.265060483487167708e+00,2.406937604629363125e+00,-1.943767538772951831e+00
1.601777295357294184e+00,7.954224172302541973e-01,-3.916562621231148622e+00,-1.296612635897328447e-01,-3.585522578733119303e+00
2.064100082571364014e-01,2.000658456846920785e+00,4.186474564168475299e-01,-9.808034468965872721e-01,-3.761732813498072758e+00
1.900560713266350010e+00,-5.161452772453656301e-02,9.342154777144757727e-01,-1.660983600417773820e+00,1.241762152677194919e+00
7.737298603462767765e-01,1.332453761110664825e+00,1.759467924818118423e+00,4.427457365084328522e-01,1.869387679117252343e+00
3.766242803428045405e-01,2.369905934568359296e-01,1.870127357549066449e+00,-1.705684171397015225e+00,1.440282735308158646e+00
-4.943491147968789301e-01,2.212689559388220317e+00,1.189148570980799180e+00,2.744882697247729375e+00,-7.429194105258267733e-01
-8.649368371789967203e-02,2.955624955850128188e+00,2.290378024511071864e+00,2.386941524260256742e+00,7.782579406567330382e-01
-1.195298355092215825e-01,2.643520987060456129e+00,5.635863317408293938e-01,1.007204388330173117e+00,2.038295194550371559e+00
-7.725313705379248663e-01,1.091639896684716504e+00,6.802879031159752010e-01,3.759547738313539167e+00,1.284800395317541755e+00
1.443014977439107449e+00,1.150920532947480979e+00,1.200869721179681715e+00,8.261713382327551258e-02,6.410857979218422820e-01
7.323483184874759466e-01,4.943101494344827596e-01,-6.208279492475881067e-01,-4.831931902041675109e-02,-1.562895854496669568e+00
7.020820634023815510e-01,6.169421273457965649e-01,6.345990591177224083e-01,1.960595859781976369e+00,-5.427179552948240282e-01
9.237792412852745549e-01,-7.093233271418738495e-01,3.477551466696941596e+00,1.251623361779620414e+00,1.136821534542177936e+00
-7.969842799283912704e-01,-1.275209029455401710e+00,3.558219696129894527e-01,-3.195928700989092430e-01,-2.519890306332868146e-01
-1.982932959661851235e+00,1.816146128090800893e-01,5.446863721218787591e-01,3.997118097428214334e+00,2.378938506615524417e-02
4.550450033641773029e-01,-2.032114002067537228e+00,-3.317161708008848020e+00,2.222558032376991122e+00,-9.161895086301522495e-01
4.857073184630422702e-02,-2.683974948527747095e+00,-3.319586729050829632e-01,-1.668216854371054714e+00,-9.719125589634081130e-01
4.149975659489506530e-01,-1.132272449346623855e+00,-1.853485510816395454e+00,5.737907273387572449e-01,-1.958047165134580547e+00
-8.181796203197146955e-01,-4.145672107652845773e-01,-4.264700637966222230e-01,-3.456998453625926282e-01,-2.349409639929301186e+00
1.808409863532931094e+00,-1.489271598687802900e+00,-7.478347766549420239e-02,1.605811138311556086e+00,-2.939442908290773815e+00
1.813893565812771502e+00,-1.142440757934126916e+00,6.362957555500552420e-01,-4.452690296815910997e-01,-1.027559029195230567e+00
2.358724151613203368e+00,-1.485952480133111986e-01,1.849589166405729790e+00,2.548674338409649298e+00,-3.805738992576117141e+00
1.734714208738425079e+00,-2.614613126534524046e-01,2.654882499369790594e+00,2.941789388415732009e+00,-9.170040179679075365e-01
1.557339129377402376e+00,-7.799299886936462700e-01,3.005322215601224478e+00,4.444232701664062368e+00,9.561566091880053797e-01
2.713519184651858929e+00,-2.464719025215753034e-01,4.700304870979428173e-01,2.159135447292793941e+00,-1.303885502999427182e+00
2.301041663542853222e+00,-8.972010800804147701e-01,5.356984437612669403e+00,3.429486071215094967e+00,-9.063484793359810610e-01
3.403932836004552875e-01,-8.575568486294025128e-01,1.554992321147267376e+00,1.896698532941307525e+00,-1.062644781097967783e+00
1.246859046316024289e+00,-4.862673214930711696e-01,2.095763703177707438e+00,4.150555676918895820e+00,-1.307197891978144622e-01
-6.643711026449530266e-01,-1.938914155890576696e+00,7.821160520945042993e-01,7.481624580251845513e-01,-1.750948061609447493e-01
2.110598677707193893e+00,-1.962779562728870442e+00,-1.271684500759012737e+00,2.087277990315337561e+00,-3.402053653465746841e+00
4.354271737876445614e-01,-8.643544258486517418e-01,2.595302302555241525e+00,3.940274270370131560e-01,-1.991799868504309456e+00
2.197293910561791019e+00,1.343699971069115318e+00,1.158393081142085279e+00,1.230656289338474041e+00,-6.231056476219110074e-01
2.799716969621821594e-01,-2.310765444537886681e-01,3.688707936713143898e+00,7.518576712454392297e-01,2.309785340692561473e+00
-5.213650641623592819e-01,-6.048331472361923034e-01,9.483970639278562764e-01,-9.979649193285655695e-01,-1.414967508473617963e+00
2.848647383281202039e-01,7.815170944753319082e-01,-1.294873301567921020e+00,4.229791019998726753e+00,-9.459372000967045668e-01
-5.699875002189300766e-01,5.210150156741387706e-01,1.750445670944164034e+00,2.046912562227807264e+00,-2.062697848816593016e+00
-1.017773661584873812e+00,-1.856165646508907363e+00,6.757815515076629476e-01,-1.262225168574641732e+00,-9.132926679328773334e-01
1.625795565216978378e-01,2.117486735575134782e-01,4.489940796630960129e-01,2.574061530147244703e+00,-1.244225826284139913e-02
-8.273564309412203555e-01,1.673382578737937276e+00,9.201189217659844211e-02,1.278718126455185455e+00,1.195143492437630517e+00
-1.239742712896310994e+00,6.819115980243889430e-01,1.972583150737017732e+00,6.204556025597802726e-01,8.390238985947083838e-01
-1.484260941060990380e+00,1.070279188345246713e+00,-1.109891996871710029e+00,-7.157499565166828281e-01,-3.247393686275227287e-01
-1.200957900056401684e+00,7.096734317570542183e-01,-1.340086525242101700e+00,1.381897336559099188e+00,2.450358825060971468e-01
-2.491013172765031314e+00,-1.108010504668473173e+00,-5.282036644548566695e-01,-1.024392820795670955e-01,6.474242858501335629e-01
-1.925022870509044193e+00,-1.207524196251043236e+00,-3.458798086437044450e+00,-1.386523292111402128e+00,-1.144523941193572147e+00
-1.857929501924044713e+00,1.475965511422494547e-02,-3.088673122935558180e+00,-5.717014831906978012e-01,1.140626184873451132e-01
-1.852005404221790164e+00,-1.209284812841349144e+00,-3.419174909178681609e+00,-2.526449589303423338e+00,-7.230945429506063782e-01
-1.591513670404446135e+00,-1.351194329880853084e+00,-2.195966676262939732e+00,-6.048430606435215573e-01,2.068594750894033218e+00
-1.347059107241785458e+00,-1.590342241173149596e+00,-2.951125166200045946e+00,-2.622687138902094262e+00,1.106701260319650770e-01
-2.016346064888156153e+00,-2.190443678766271773e+00,-3.561795037425865562e+00,-2.475884974230840641e+00,-2.140550644541735714e+00
-4.219092717073586130e+00,-1.382862639179954556e+00,-4.640064009666025946e+00,-2.466896462862733230e+00,-4.047042187321734374e+00
-3.287886021996899721e-02,1.826452369409112264e-01,-4.063311565819209825e+00,-4.544283523169180938e+00,-1.166869856461344668e+00
-2.240880271289930725e+00,5.051371871622730714e-01,-3.265494629591873199e+00,-3.215584713799295002e+00,5.478386425358520162e-01
-2.800068030000889552e-01,2.046046579948819666e+00,1.042956335923019839e-01,-3.375248557825115014e+00,-7.021523976787189536e-01
-3.179867328596633236e+00,1.120884551160819198e+00,5.310716334427867391e-02,-4.955226135711987112e+00,-7.849215179911326334e-01
-1.863195113775505396e+00,4.393824018301240031e-03,-1.475368471985098573e+00,-6.723044993362241317e-02,-2.706919799811791094e-01
-6.488263341028419617e-01,-5.104714599376848350e-01,-3.569885246003424939e+00,-2.394139206729460234e+00,7.707815655033208868e-01
1.634511447281666419e+00,-1.626128968330757374e+00,4.444699179103537290e-01,9.356227347618198964e-01,3.659276820714781664e+00
-2.248175663365808319e+00,-2.125822790200725620e+00,-9.806099289179555090e-01,-5.297838374787758653e+00,-6.341828667417666043e-01
8.294780200179755481e-01,-4.736885075412121116e-01,-1.486562130631615908e+00,1.085289019501008978e+00,-1.176392659239652083e+00
-4.562743833210203270e-01,1.426180496810309117e+00,-5.796127609495749233e-01,-1.414936649347919184e+00,-4.086190563387126495e-02
-1.222864330502763108e+00,-2.197977416695735264e-01,-3.062346145696762001e+00,-2.128119475246882608e+00,-1.276037674201676353e+00
6.394790829966029433e-01,-1.725071823407598459e-01,-1.780859960590603697e+00,3.351352737229057466e-01,-1.070442080009451180e+00
-2.085555392147766085e+00,6.277799784543099948e-01,-6.658555453076635267e-03,-2.733182902203254550e+00,-1.196378393068475043e+00
-3.338346516532222363e-01,-1.505358239613145410e-01,-2.399644365452208383e+00,-2.969584174286191702e-01,-2.183183871137900578e+00
-1.577653979297467535e-01,6.549940877096739333e-01,-5.256321971196596943e-01,-1.429251034776948925e+00,1.558198421803722589e+00
-2.609106544305428987e-01,-1.797246763894989607e+00,-1.605035177110690547e+00,-2.393733371022246814e+00,4.076403047502058508e-01
3.539145214958541175e-01,-1.717095191613849936e+00,-3.383176225252004787e-01,-2.616335147406855910e+00,-4.712851303621967136e-01
2.375425359111869916e+00,1.212119797333073734e+00,-2.201006070214469867e-01,-2.607670352800054214e+00,-1.191992050672184833e-01
3.678747605021353007e-01,2.787949806955255738e+00,2.650647000376654905e+00,-2.813724552660755718e-01,-4.272468561070712489e-01
1.913400495054606631e+00,5.903968165160078385e-01,7.759376734100906781e-01,-1.232547338558849237e+00,2.059000679766984643e+00
4.532094445140479877e-01,6.402367527056473939e-01,2.997685499014945076e+00,2.982421544826872939e+00,3.110769412353703078e+00
-1.144328954176994984e+00,-1.218553000102813311e-01,2.725301096143866175e+00,-1.514512666485996917e+00,3.952491048516974637e+00
1.368906994373652708e+00,1.387812564100082247e+00,1.968454918101162909e-01,3.762320056090012077e+00,2.480903472265147069e+00
-4.287934386546891630e-01,1.286689032500996532e+00,2.828038140285823232e+00,6.751104931395079944e-04,1.785145331826752280e+00
8.038978472524929142e-01,6.686863814872935352e-01,-7.020417763307433834e-01,-4.435542059322026276e-01,1.925023581269917683e+00
-7.886262919960581597e-01,3.228386112005932063e-01,1.186219964735767629e+00,2.059186146729158340e-01,1.456345759495015546e+00
-4.373885842075397323e-01,-1.079851010000237865e+00,-7.023462675570320002e-01,-3.099733703487276060e+00,-1.325010274301692714e+00
-4.875137674111886255e-01,-6.058461216421485718e-01,-2.796815795447882280e+00,-1.701007963487459196e-01,-5.794609770213202671e-01
-1.278504249493189748e+00,-2.374914265379675982e+00,-5.947240149415478072e-02,-2.323558164218451516e+00,1.267360188214693872e+00
7.512689282335525132e-01,8.091936989635994948e-02,-2.612248784431491000e+00,-2.846535509280677001e+00,-3.375857864935650765e-01
1.771592634612235484e+00,-1.946176787543768549e+00,1.052740284776117807e+00,-1.541541855171841391e+00,1.931566929813330002e+00
8.591161776178503351e-02,-4.055058568727430424e-01,7.799938157900143665e-02,-2.554574636360648299e+00,2.383706198678150923e+00
1.061363823840066889e+00,-7.875852622173734607e-01,2.483976945566501726e+00,4.426602218599036132e-01,2.712363908330309492e+00
5.548484023434360202e-01,1.652090323855142096e+00,1.096254359236632947e+00,-1.058287509057630915e+00,1.389770210704625253e+00
2.181036815374843285e-01,1.696727088054248656e+00,7.845297674241150654e-01,2.361441528928934774e-01,2.785457545418537073e+00
2.716472923154381824e+00,2.396528055564131066e+00,3.264415524359526977e+00,-2.553470387231338012e-01,3.803283953326928035e+00
1.745824604072631736e+00,-5.521494678576228665e-01,3.787370924628145730e+00,-1.009891674372187964e+00,2.165096928981603774e+00
2.004352774203685517e+00,-1.348444724532327221e+00,3.515129331673263913e+00,2.664078407718952768e+00,2.406865550475588034e+00
7.878101745187902072e-01,-3.631194455144212130e-01,1.528178285292185912e+00,2.152930583995028346e+00,1.760323386699950587e+00
1.892226772316170313e+00,-6.403386406665676489e-01,3.196187395136714571e+00,2.195869183950250658e+00,1.240302999231490011e+00
2.387154772811593162e+00,-3.705144704471885930e+00,2.683552259833033027e+00,-1.147718762958626293e+00,1.088252376671050126e+00
1.032047304087364004e-01,-4.785839139142819221e+00,-7.702724108386153068e-01,1.251534016269087779e+00,-7.126038419712714678e-01
1.086694599468437605e+00,-2.255715856357372928e+00,-1.683531669587543078e+00,-3.043556141866732290e-02,-3.174220663044190260e+00
3.258597776111513689e-01,-1.030256990366295700e+00,1.843668209197911301e+00,-1.769782240837350695e+00,-1.549486748701482952e+00
2.894206167312142419e+00,-6.754911827186182993e-01,1.634736902210683240e+00,-2.501591979296236001e+00,1.738159924635607867e+00
4.039777459049707642e-01,1.061601712986231405e+00,-6.148086122867651993e-01,1.100747146213737038e+00,-4.367546409807558927e-01
2.761940398619456616e+00,1.046262123990606474e+00,2.124858735333208237e+00,-1.149378547077821722e+00,2.228934724780093357e-01
1.518763094117846491e+00,-1.547810810787211833e-01,1.575574734910496488e+00,-1.328200513797600957e+00,-6.393744982531111010e-01
-1.264295832272894771e+00,-1.686188900942471036e-01,1.036992642209809912e+00,-4.241451461463097150e-02,1.575380411011600978e-01
-4.780418881314454360e-01,-6.097794963823627290e-01,2.266445113071404727e-01,1.766089677812454184e+00,-9.664022776763732114e-01
-9.018047746761154171e-01,-6.255875664915067080e-01,-2.584592175289482929e-01,-4.468963880046891157e-01,1.178992296392158412e+00
-1.319635193179610644e+00,-1.300427383165845496e+00,-1.043198809444438879e+00,9.013825752319681861e-02,4.593070658606817624e-01
1.460284440712433796e+00,2.779061575164297082e+00,-4.061910896023486206e-01,-8.333980170447691238e-01,6.289516792867149153e-01
-7.454010215668417372e-01,-3.191089926392578491e-01,2.428842283670780589e+00,-1.964956443669951591e+00,4.290116772497019504e+00
-3.562380756262439885e+00,-4.587179218630049737e-01,-5.429915362719617278e-02,-1.882613327537692838e+00,2.335859165796452697e+00
-1.461702206509455371e+00,1.640762684361338763e+00,-4.253686007000488267e+00,-9.337141919616309682e-02,1.152460434637755382e+00
-1.684172024857401251e+00,-1.331633187829992515e+00,-5.501191347564265754e+00,5.122846862777465926e-01,-7.277055850927014458e-01
-1.099410780270069665e+00,-1.047994432394292241e+00,-2.741280220906537224e+00,-5.942063325534057583e+00,-3.332002095930871377e+00
-3.810111875969056427e+00,3.542782770938346371e-01,-4.333462630814871375e+00,-6.113520098437474459e+00,-1.554113872743424718e+00
-2.465798747332759167e+00,-1.240868502944648455e+00,-5.710739568692192236e+00,-1.727567525219453337e+00,-4.921653040514817334e-01
-2.720243409075563612e+00,-2.174794929713002922e+00,-6.733411127851100630e+00,-4.971167224657298433e+00,8.638452766073567712e-01
-3.075570512814711055e+00,-1.482134154544346494e+00,-3.861594531586874268e+00,-5.708122624447154791e+00,-1.729683233065197223e+00
-1.224555929993092374e+00,-4.671408365485723024e-01,-5.569461754502966322e+00,-6.637086685254834251e+00,-8.313247092559119533e-01
-6.881407709271702977e-01,9.093583995876046711e-01,-2.726260773414704630e+00,-3.100971933074890607e+00,1.748355529237061168e-01
7.256476215862311951e-02,-6.842466109448424039e-01,1.450910055865742843e+00,-6.261187455323136142e+00,2.262795193082529632e-01
-1.305014831052893731e+00,-1.122311450390411025e+00,2.277779814606770703e+00,-2.578902754342410120e+00,1.134672208887284039e+00
-2.296244015323209986e+00,-3.549016104767830360e-01,-2.863966934675061360e+00,1.201699601834610664e+00,-3.995937926106660765e-01
5.176991836743458641e-01,3.024467755989798667e-01,-1.546386479343820675e+00,2.452421677513473064e+00,2.268906544573893846e+00
-1.806732268050209034e-01,1.554979994257616793e+00,2.745963809615567519e-01,-4.419384460419830241e+00,2.131285698908875759e+00
-7.112111854456915072e-02,3.037551581773276776e-01,2.977955084530137242e-02,-8.155412392055298998e-01,3.108481353863411734e+00
-2.316505620667191900e-02,1.761230814351881779e+00,3.118871830443107895e-01,1.398232091899029417e+00,1.903960078982275483e+00
-5.203982839491301249e-01,1.793811738123173072e+00,-1.200769557189050429e+00,-1.512241858788558213e+00,7.022016027155929541e-01
-1.662611360237427949e+00,-5.120465571927829140e-02,1.468591977794013959e+00,-1.278028105452081897e+00,-4.570757657644191063e-01
6.804018519930781217e-01,-2.882233416109694080e+00,-2.629504401938836722e+00,-2.281052464059864171e+00,-2.984291285312116848e+00
-8.370607504425465750e-01,-9.315554597681443560e-01,-1.291159917603253104e+00,2.892597970295216481e-01,-2.424407157741551355e+00
-1.596877652537210812e-01,-1.945990474301485307e+00,-2.998047483263352575e+00,-8.729146267983116658e-01,-8.546609005259032665e-01
-1.007971011415220719e+00,-7.666111702531464012e-01,-2.391655586093035524e+00,-1.962127941818186283e+00,-1.695391892854857030e+00
-5.383358938409322780e-01,-1.058350410139227149e+00,-1.390780886047981557e+00,-4.094827156549156300e+00,-2.119906603293205016e+00
1.073747569485833164e+00,-3.876893973270916782e-01,-2.525800435397751897e+00,-2.694507404611357959e+00,-2.721416411637868737e+00
-8.972938948790032399e-01,-1.301880414486287663e+00,-7.300546968929571001e-01,-8.258260562889521150e-01,1.424605933133942237e-01
3.089371323431864269e-01,-3.178945572337994463e-01,9.599796576015851013e-01,-1.197793591292695581e+00,-2.028430656406679855e+00
-5.016137959703077520e-01,1.118210502886936020e+00,-4.673033518740161707e-01,3.607575675795074432e-01,9.058032388504000387e-03
1.296259411492611591e+00,8.604996043083359414e-01,1.531811897826427238e+00,1.285269774497179274e+00,1.675245018878650516e+00
-8.126140170862165002e-01,1.078287181318811516e+00,1.333475262973453646e+00,-3.326483463268929963e-01,8.911007634846708214e-01
8.350245648376481977e-01,-5.255020048970092672e-01,8.393974189071756742e-01,-8.283829732610477059e-01,-9.976074858528132250e-01
6.082039253697075765e-01,1.770294418763909583e+00,2.209473287193123969e+00,-2.242409187515750801e+00,-4.250521627038424954e-01
6.910899227067131001e-01,1.060898687131527129e+00,3.135967871810450891e+00,-1.283460492755883475e+00,-5.779348729160416198e-01
-7.307299715659754114e-02,-1.577211244431939718e-01,-5.174144428446074695e-01,1.568096227846065949e+00,-1.316371562145169483e+00
-1.985000112053395327e+00,8.212787284758041317e-02,1.860529119646253116e-01,4.050640487111758503e+00,-1.418020811832526373e+00
-5.638238026892439247e-01,-8.824377673617213036e-01,-1.318778521725921138e+00,-4.791445509819278747e-01,-4.615698743572431706e-01
-1.032301124069672671e+00,-8.611890546025291471e-01,-1.131452738828402582e+00,1.590538298800536765e-01,-1.474309680137461998e+00
-1.571132842509653127e+00,-3.606189728037667575e-03,-2.307605373467749743e+00,-1.544921963440413215e+00,-3.133185641196791771e+00
-9.883700351445765531e-01,-8.342208007587954555e-01,-9.524335912233617973e-01,2.028661377244415309e+00,-3.710884085544213118e+00
-1.690280452112633558e+00,-1.298699018412269535e+00,-3.945956509295567294e-01,-2.672663876520735116e+00,-3.823410315612113308e+00
6.697804780772330657e-01,1.810124761246020286e+00,-3.580083884451995324e+00,1.684136716570048264e+00,-3.731766972291796769e-01
8.227245180105969835e-01,1.896322115157264232e+00,2.410115268051774340e+00,2.973370888467204765e+00,-1.316416564511162068e+00
-6.800331029904317370e-01,-3.152556097150891468e-01,8.541637751340587226e-01,-8.552369908045951430e-01,-1.857317877058195066e+00
7.001868242686102306e-01,5.118506693765929594e-01,2.365253759284686286e+00,4.172099965677796618e+00,-1.151212501967154633e+00
2.709615528039724275e+00,7.489069881930033867e-01,1.193489865678760919e+00,1.169146030229628153e+00,-8.960934341145654347e-01
9.078210777502122575e-01,4.270428911558932228e-01,3.198554338483266868e+00,4.388586727827441081e+00,-8.712569488018516717e-01
2.143444134041029514e+00,-1.448978812621469547e+00,1.797241501775904915e+00,1.140361749963180404e+00,2.192562031176886750e-01
5.323169710934718690e-01,-2.185346831865254025e+00,2.785413011747617684e+00,2.617272920497053512e+00,-1.584076468332507037e+00
9.893933697503612956e-01,-1.882832181753200551e+00,-1.018426864017267119e+00,2.134776217202848159e+00,-2.717310722489494346e+00
2.042425293343796522e+00,-9.904146136515437071e-01,-1.586412031461657435e+00,7.546092837269808840e-01,-6.109865968597171459e+00
2.295042901444872108e+00,-8.586106687040588881e-01,1.333700607287201301e+00,1.264091754017219182e-01,-3.736639980525001015e+00
-6.761677629337772277e-01,-2.406782065017601724e+00,1.540792210076692204e+00,7.973956413706018154e-01,-2.161428040817805041e+00
1.208093761258515864e+00,-9.838360362106746138e-02,-1.540239191345906589e+00,1.124408176026436834e+00,-3.089143325515903094e+00
-3.447214290480369314e-01,-1.877373428362443253e+00,-3.217093422288536120e-01,2.469631032372261892e+00,-1.243178251576815718e+00
9.969478741054682569e-02,-3.818609328494426691e-01,-2.169933272012590786e-01,-9.899715913978787141e-01,-2.157617923259188331e+00
1.152834039941896815e+00,2.045229134568844920e+00,-1.791090118936569109e+00,8.831675760676571674e-01,-2.472650500122063999e+00
6.394688974275748450e-01,-1.059424187060809652e+00,2.241212098488986726e+00,-8.594248777414059681e-01,-2.126423280543948691e-01
2.611208036964138390e+00,-2.141267264954820754e-02,-1.440442196599550195e+00,-5.288747015286883180e-01,-1.184846504629871289e+00
3.053681907679142160e-01,1.336173257736698483e+00,5.546353171736337018e+00,-3.815709614337656763e-01,8.204255506082938076e-01
-2.061776609381105185e-01,1.242755918652535874e+00,3.086209245007156543e-01,-4.971903852625522147e-01,2.009019791428843682e+00
2.450019788795803954e+00,1.085511681856967003e+00,2.744084439282649335e+00,6.429837425979243015e+00,1.386828204792837305e+00
-6.137252122649199393e-01,1.556330862328120901e+00,4.725949198875636803e+00,1.369964910989970086e+00,2.205940483154764209e+00
-1.132987787930371582e+00,-1.527975474698872738e-01,3.940962688681922454e+00,2.883101119953010105e+00,2.335315839169840757e+00
-5.583090163243712434e-01,-9.534617221617771587e-01,-2.852559983982501102e-01,2.062315913601525885e+00,1.697154035036463338e+00
-3.099296246971244173e+00,6.395187117128995347e-01,-5.537293542375772981e-01,3.234384624009621234e+00,-3.865270571756429518e-02
-3.366175744454117158e+00,-2.089807743765039749e+00,-3.440434603616711939e+00,3.548581551736043060e-01,-1.828815329233641318e+00
-4.225094610087009706e+00,-9.625133195840377409e-01,-3.722816132472591910e+00,1.163329923532720800e+00,-2.928442693601671643e+00
-3.255799559176199676e+00,-5.438416533799496078e-01,-4.007338578702048792e+00,-3.281039202794046261e+00,3.699548010124078523e-01
-2.196066030042308270e+00,-2.228306050932698845e+00,-4.326074561154132248e+00,-1.100293392989526220e+00,2.263685668650236016e-01
-5.970195529141955060e-01,-1.348488322338915246e+00,-5.981823451463994523e+00,-6.214107302987116555e+00,-2.586950798515673444e+00
-6.573728814821412358e-01,1.307931664060077770e+00,-3.454528256686624221e+00,-3.676967607288831097e+00,-1.599132560242494394e+00
-1.278500600766642847e+00,1.877401039999643251e+00,-8.494674084138574832e-01,-5.392330425531893567e+00,-4.948734463471451406e-01
-1.263171856048574515e+00,2.814029485304547773e-01,-1.137366473105596132e+00,-3.801480071728437604e+00,-6.239424223443754691e-01
-8.747247114853686778e-01,-7.435178519717589030e-02,-2.518599599042822268e-01,-2.430214722215238154e+00,-1.335304299112750614e-01
5.369105394104006779e-01,1.283033269769594087e+00,-5.621740866217195265e-01,1.630184006302695110e+00,4.044359840699289776e-01
-3.392287511812080991e-02,2.408573315981523688e+00,2.000117635230809654e+00,-3.256473773881885858e+00,2.358785844132127441e-01
7.927667419147871319e-02,1.229437567335656567e+00,2.712927982495839441e+00,-3.011945678631229306e+00,1.183165557780465393e+00
-1.927158945312842819e+00,1.994094845219362977e-01,2.184729135284606549e-01,2.147177646168037413e+00,-5.481553626342465790e-01
2.629341677556382151e-01,-3.253089442215629234e-01,-2.244369176281400868e+00,3.494434624150039248e+00,-4.253004909339729855e-01
1.158502750026065176e+00,-5.014651296707799411e-01,-1.195557135730755727e+00,5.093871967976417725e-01,-6.918209795103034132e-01
-5.404645142180809492e-01,-1.759895957750855944e+00,8.914317148564997462e-01,-2.873042975726869397e-02,2.593489411305407000e+00
6.925614243918464252e-01,-1.009329348983410313e+00,-2.435855076533731456e+00,-1.868334207102643640e+00,3.805103677748645219e-01
-7.902005179614615127e-01,-3.173727651422297846e+00,1.032482659286463322e-01,3.505277267592248336e-01,2.626385237359486258e+00
1.061354698193620605e+00,-2.755928063300346675e+00,-4.205460209909227309e+00,-2.309976584030041469e+00,-7.976253155309669385e-01
-3.067579740934968102e-01,-9.141968320228313072e-01,2.491466314774413160e-01,3.046928759461300928e-01,-2.610562975230222182e+00
-1.998310687629278048e-01,-1.553290979979450981e+00,-1.236175239083913802e+00,-4.306841627978704068e+00,-1.899411154619896624e+00
1.579927803278176501e+00,-1.073650788595788885e+00,-1.652398382516639064e+00,1.725857977434716028e+00,5.094452635308444055e-02
7.693657092014171139e-01,-1.977338422966328224e+00,-7.968069610049169915e-01,-2.172037836618284423e+00,1.992062546410660051e-01
1.043716064287555589e+00,-4.930196451562015580e-01,1.930393132470452411e+00,-2.121238726866997215e+00,8.114048166741780754e-01
8.924507687412446266e-01,-1.705900984245651841e-01,6.611072842372978098e-01,-1.050428885978953453e+00,5.845911898959492703e-01
-1.755759636746708763e-01,-1.298513668536427801e+00,1.538757842154772737e+00,2.206915841252770960e+00,1.923873506736744066e+00
8.097242751808585437e-01,-2.083180965941052953e+00,1.983370452481663992e+00,1.844479683082251853e+00,1.608128048454160908e+00
1.763878797262359854e-01,-3.486937613899265820e-02,-8.134799849752768486e-01,7.677749438556804584e-01,1.238257068835885599e+00
2.379070173853529369e+00,1.358337291285468096e+00,3.556075440464633974e+00,1.600707866234234888e+00,6.383589434183010169e-01
-2.567404709382014594e-01,8.867007864316563959e-01,1.446415171834525282e+00,-2.105910914782282095e+00,-8.455342134592975789e-01
5.781410354979532595e-01,-6.662793444631397444e-01,1.149008620998716701e+00,3.469749216489965704e+00,3.045290759341576781e-01
-1.497069090937201752e+00,-6.881824774051870097e-01,-1.521620360769308178e+00,3.761073292205265872e-01,3.302647616105357287e+00
-1.849296505758625031e+00,-9.681617355942794267e-01,-1.103062277826939219e+00,3.482237300220172305e-01,1.942798319127331808e-01
-2.520112854915582457e+00,-1.643767657932045934e+00,-4.033262097369056498e+00,3.712922754836704975e-01,-1.295697902992829276e+00
-3.743744090328247065e-01,-2.752590750609831272e-01,-3.310964264689490566e+00,3.370580131950647873e-01,8.699090232380657373e-02
8.062453776689002538e-01,-1.244612623194278012e+00,-2.582177182246560676e+00,-3.106964350815101916e+00,-8.982392297369565792e-01
-4.743358393183060295e-01,-1.655497893539642718e+00,-1.200059701844187199e+00,-6.391275117077296564e+00,4.159386412371703923e-01
-5.833808978993422212e-01,8.364718016429135705e-01,-3.498929475523162580e+00,-4.492615584006234286e+00,-1.965985928222387935e+00
-2.784585683533996603e-01,-1.290967990698699719e+00,-1.948221628262036820e-01,-1.608610622326526851e+00,-1.356391080786410575e+00
1.801354321380934653e-01,1.619058341659401101e+00,2.068885819317944907e-02,-3.913278847893815637e+00,-1.928279611882669498e+00
1.602975108214511168e+00,2.347178024954456266e+00,6.176378849489865264e-01,-1.696856442140640242e+00,1.840457749882319805e+00
3.241453569300022153e+00,8.197429349001225107e-01,1.865833361234882748e+00,-5.948893571988431717e-01,1.777011035698276009e+00
1.143447439687412803e+00,1.354285765769732697e-01,2.698871013943162644e+00,-5.615111174528386595e-01,1.703610674763744726e-01
1.547437211314051986e+00,9.982431112293574937e-01,5.335182242187213042e-01,1.587844718196327998e+00,8.437726707585488928e-01
2.334556927965374395e+00,-2.104900024541878523e+00,3.160147574815480365e+00,-6.751157009631283401e-01,-2.605909217299763325e-01
1.945473514694453732e+00,-3.339947294243524878e-01,-3.561132776179299908e-01,9.579591526461278539e-02,-1.243302229929397873e+00
1.529270341247648268e+00,-1.657599098450410757e+00,1.473989572717069096e+00,3.052995625105718425e+00,7.855570409391521292e-01
3.094462353936968668e-01,-1.125468080156864392e+00,-7.456164718201888642e-01,3.930867703958550452e-01,-5.491467944742220997e-01
2.836008657269536215e+00,-2.263178602829876152e+00,7.073878113765306175e-01,1.348909403661128881e+00,-3.269158051884846206e-01
6.388016164812109210e-01,-2.639678763858807287e+00,6.792772006261017514e-01,-2.403905293418454825e+00,-1.216509493988836788e+00
7.687213164298259960e-01,-1.787842488359753235e+00,-1.047901261468279888e+00,1.266971237415880136e+00,-8.683364395274628666e-01
1.452729584801777163e+00,7.985308658491304667e-01,1.545539192366143455e+00,-8.702540683654469422e-01,-5.626692010790992349e-01
2.410508395938355086e+00,4.365749569996118518e-01,1.182065834993014430e+00,-1.832057494928710062e+00,-5.238418794540264933e-01
1.559631967369744299e+00,4.759494465052915846e-01,3.837918873462482061e+00,1.842905094136755961e+00,1.556920388256285648e+00
8.475028446686400097e-01,-1.376948079754948040e+00,4.816456448732504114e+00,-1.711374051359534132e+00,2.072410330378627652e+00
1.214018111189671956e+00,2.965114251213346042e-01,1.331009351559848675e-01,8.663777518274492495e-01,1.416720956858697145e+00
1.416371594916600030e+00,7.120213855482615539e-01,2.489938422499820891e+00,2.187995405150125805e+00,3.695045818723778464e+00
1.424486559429832822e+00,4.624214294471065134e-01,2.606009171359796373e+00,-1.398066398351883510e+00,2.455273009249557603e+00
-3.564265614584647412e-01,-1.536998422529331831e+00,1.068692263748485471e+00,-2.262680396709998210e+00,-2.564947165057754885e-01
6.122123747457031140e-02,-1.086708505068663122e+00,-8.389253390348873074e-01,-2.498921785539898188e-03,8.414314107025169243e-01
-8.608909688494784662e-01,-6.398934049514874989e-01,-3.935645678533304936e-01,5.581092832985240504e-01,-7.654101216678308450e-01
4.751763524938292793e-01,2.534497779945265039e-01,-8.715712483053617010e-01,-2.380709340799333162e+00,-8.825725402514830176e-01
-2.572594809610833977e+00,1.285520963269717321e+00,1.817992160964062798e+00,-1.780533055268062270e+00,2.142891456270918038e+00
-9.141703282670472497e-01,-8.217943283240881636e-01,-2.198633511228198056e+00,-1.677651410747742267e+00,1.041828405551539216e-01
-2.231773115593740364e+00,-2.002797561649590108e+00,-1.676457964247143106e+00,2.977446158723755509e+00,6.870064417693375614e-01
-2.421776112129175207e+00,1.021705303551379451e+00,-4.739626169615220874e+00,-1.134996226730533131e+00,-2.231472925025770770e+00
-1.394972725045885653e+00,1.629925943477432027e+00,-1.447821881992300996e+00,-1.148800539553623379e+00,-5.083236643048518744e-01
-7.902673593284395004e-01,-7.373051723394197232e-02,-1.764167292628560757e+00,-4.231682577261668854e+00,8.036947061272683435e-01
-1.627871093640919753e+00,1.147490520168032324e+00,-1.294186837501952958e+00,-2.713478613459796129e+00,2.400025042480260051e+00
-1.015164815797069409e+00,6.043156695061622230e-01,-3.237657602946023339e+00,-6.059015072645926869e-01,1.450231106347469545e+00
-1.055284773597858772e+00,4.366993743933647032e-01,-2.611351171940699434e+00,-2.718208861788300901e+00,2.299915076972035011e-01
2.114375339109327623e+00,2.015566705521718571e+00,-1.406941419997718823e+00,-1.445324106674659825e+00,-4.412949066066874648e-01
-1.019354489978500089e+00,1.369744844644022130e+00,-1.647378519367235228e-01,-3.010985520774966950e+00,1.927107359331418301e+00
2.003737938600140378e+00,-1.772389715483889683e-01,-1.843340901094899786e-01,-3.156615997204179180e+00,1.893787185787284000e-01
-4.159871740713622090e-01,6.322270040324630136e-01,6.297726066366309272e-01,1.821404114815294850e+00,-2.265381028362933868e-03
-9.436354687857833046e-01,-2.388698336243293141e-01,-1.219317314967056642e+00,-5.629582359239785339e-01,3.000374189422839732e-01
-5.062593079655011152e-01,1.553420618567326716e+00,-1.863279115750384518e+00,4.059378082361941864e-01,6.621633657078167534e-01
-2.271708521279378612e-01,-2.187331169816832399e-01,-1.308189630028766981e+00,-1.105099000991440761e+00,8.869966387566348143e-01
-1.278893263855634954e+00,-1.405499537529306009e+00,-3.597916588017711081e+00,-1.924772283840125775e+00,-1.654114876823583824e+00
2.854935719481081768e-02,-2.988275321731784118e+00,-1.084555430527942121e+00,3.250431224126984486e-01,-2.556331020414828625e+00
-8.764602428511063525e-01,-3.065843971254500033e+00,-1.211315616534510919e+00,-3.882096157578899920e+00,-2.434653190300599235e+00
5.436314836757437652e-01,-2.789315783534549009e+00,-1.669568130096376946e+00,-1.064771455438917602e-02,1.385897702717734603e+00
-1.534506222488468463e+00,9.718991648617336665e-03,1.800472096191250815e+00,-1.160898269373949798e+00,1.754630967903093142e+00
-1.187590067510578606e+00,-1.772491457764979739e-01,-2.891955798899473074e+00,-2.101707750021216459e+00,-1.321752643815199635e+00
-6.601848050279739422e-01,-1.455684677255950632e+00,-3.078917142075280999e+00,6.449139246982991125e-01,-2.768060222730721165e+00
-1.050969335497496937e+00,6.550218293478318188e-01,-3.218914834430409710e-01,-1.266421048459289045e+00,-1.915893418242107016e+00
-1.989789696679476583e+00,1.934673739160201134e+00,-1.727417374394024652e-01,-1.183013449181020693e-01,-1.482445927367575855e+00
-9.876889281258680597e-01,2.402018872581619391e+00,-3.989033467764336649e+00,8.053638957256541442e-01,-6.243416227514718697e-01
-1.808126917635896280e+00,8.164818957829502732e-01,-1.402466954538120536e+00,2.959238673708918244e-01,-1.540164459830133170e+00
1.320521330184199371e+00,2.314445362733884792e+00,-3.568721696339106408e+00,-6.965167660438544850e-01,-2.992660569106754931e+00
2.018270558664101877e+00,8.245438941522557075e-01,-4.184283248275688649e-02,-2.095105750648928122e+00,-3.251748641491331582e-01
-4.598982141875060381e-01,1.704031403917419252e-01,1.000566517983692894e+00,-1.069327560320972648e+00,-1.272174042913956526e+00
-1.717758420821873244e+00,-3.627839422024905502e-01,8.722714200997880862e-01,2.205565869445533345e+00,-2.639712102654025117e+00
-2.967828704647919036e-01,7.805831285820588050e-01,-1.549461668282115179e+00,3.575164803811601288e+00,-1.948749489556670600e+00
-1.273207205156628552e+00,-3.282622381147591306e-01,-2.224173150810621724e+00,9.447919636473633975e-01,-2.078137065267190664e+00
4.050861409233630361e-01,-7.695251994833037790e-01,-1.485159955357520767e+00,3.685791062523702255e-01,-1.146717268732235784e-01
-1.848646008875703961e+00,-1.163497223248426859e+00,-5.317310600365146023e-01,3.321354658518061997e-01,-1.886751112251436879e+00
-1.028325910116267838e-02,-1.192903637614825207e+00,-1.125022032093327740e+00,9.919875923092750236e-01,-2.404789049669569856e+00
-1.817955589589573817e+00,-1.985876824592779366e+00,5.091138118228334397e-01,1.143886718497340027e+00,-2.341431693143217974e+00
1.002495271589982195e+00,2.094833323984399698e-01,-1.664740633581104134e+00,6.485059260006666992e-01,-3.787980010165851397e+00
7.581664174211133478e-01,3.141427872072025673e-01,5.093667306818759899e-01,3.553086663963273217e+00,7.344808329707274153e-01
8.254365777697993956e-01,-3.413946116088352190e-01,6.502721736014871468e-02,-6.916996597715718842e-02,-3.159677348408632680e-01
1.488950166425689225e+00,5.621825985382853386e-01,-3.266426753184870080e-01,-4.125942102663604505e-02,-2.268450570832044377e+00
5.021415126758077552e-01,1.426506592615489066e-01,1.829530002346637874e+00,1.845049357475421647e+00,7.670556936404053783e-01
2.333306522253693949e+00,-1.002647386932029594e+00,8.428525609968630095e-01,-1.389938347598105084e+00,-2.393008492141054655e-01
9.582390861885113909e-01,-6.955017900988047508e-01,1.202385430810759548e+00,2.399325628807148725e+00,-9.883716918366394211e-01
2.565187115006173357e+00,1.085478649288049935e+00,3.016320699419434259e+00,1.296690118417012094e-01,-5.069984194988088611e-01
1.575783536631451653e+00,5.483852137427471796e-01,1.852030822561423484e+00,2.571700530620636638e+00,-3.846281657148675759e-02
2.096554887343764939e+00,1.317497615219330731e-01,2.245930018257570993e+00,3.391019943253693825e+00,-1.975529078821965490e+00
1.633613503450566329e+00,7.073615028247214331e-01,1.913433415472603594e+00,3.379538655365017519e+00,1.212299730676270837e+00
1.619205937550322272e+00,-3.437990176060929520e-02,9.924036795308122105e-01,3.982287595904518973e+00,1.560744167253844683e-01
1.719719872223576029e+00,1.998032242899159816e-01,1.920563550085840232e+00,1.162464498910873445e+00,-2.826031372670653408e+00
1.626982956966135596e+00,-2.690467168552399535e+00,2.022054784324536225e-01,1.965991069985924877e+00,-2.673868650857889939e+00
1.642230654528999523e+00,1.384097810709191245e+00,-1.147261086007050013e+00,2.713782714920470518e+00,-3.297293099893927160e+00
1.755446342179588504e+00,2.098143273154210675e+00,-2.423764772133220058e-01,3.886781476854115347e-01,-2.221664262567685011e+00
2.087086391765832882e+00,2.548865223455512918e+00,1.927285509822010523e+00,-1.224249304353898449e+00,4.654522187863687765e-01
1.691551987729682072e+00,2.773080404239306240e+00,8.652881920721490205e-01,1.339152825663819102e-01,-2.410093434697579973e-02
1.791671475949228931e+00,1.685447580718424376e-02,1.291489801078759658e+00,3.184469384005650383e+00,7.690772006037653874e-01
5.440165613267674560e-01,1.448519106850139959e+00,2.115897981920347615e+00,1.316605245378800193e+00,5.774263897656342071e-01
1.550235506220087212e+00,6.656851449618734762e-01,2.252655431293596688e+00,3.191626528539954766e-01,-1.093596891016993977e+00
1.077806186699470370e+00,2.088155968163643017e+00,2.177037347386183708e+00,3.266916890899750570e+00,-1.709756688128023949e+00
-7.598718055375958125e-01,1.615081244613834066e+00,2.684401041072055349e+00,8.835672045742049008e-02,5.215811661018668888e-01
1.803960205239199255e-01,2.107782293350783931e+00,1.414688535998667174e+00,1.224098034197298457e+00,-2.895707758591306469e+00
-2.100859323097659104e-01,-1.059203685771170189e+00,-9.188776201844102154e-01,9.755336687938527263e-01,5.505274523059451308e-01
2.712462959818683350e-01,1.396882393032528036e-01,1.635050082926066128e-01,2.342925603732807893e+00,-1.149725372321393158e+00
-3.268573656006588557e+00,-7.304441390817448809e-01,1.604074992923210541e+00,3.728995538980874880e-01,1.679290692490533976e+00
-1.902572777946643034e+00,-2.398345725424940955e+00,-1.769722395382096192e+00,2.201942570021487855e-01,1.266000323955839058e+00
-3.849318625771261715e+00,-1.188040501840028629e+00,-1.120246418963389390e+00,1.634616379006777809e+00,3.477260140500032515e-02
-9.790254122092696409e-01,2.915913878066322962e-01,-3.881656620851257511e+00,-2.427091817999982748e+00,7.408611698940883450e-01
-2.912582857755551480e+00,-4.433207601679085563e-01,-6.249271181823441879e+00,-5.290983471874144417e-01,-2.409393875863316548e-01
-3.177655249032237172e+00,7.363648991833837698e-01,-3.134145260993409732e+00,-4.490502294913198966e+00,-4.447304264843272570e-01
-9.466411146431685797e-01,4.245216625120558640e-01,-3.273680028239638773e+00,-6.414809967184934791e+00,1.085875522000538940e+00
-2.710077551847749788e+00,1.579020923548367650e+00,-1.418143076362758714e+00,-1.807330335096054119e+00,1.919818658300853187e+00
-1.907746366568041863e+00,8.217849737488762685e-01,-3.044132950917231017e+00,-5.213062546377586592e+00,1.533352669239946842e-01
-2.695016057801404852e+00,-1.079276589574723832e+00,-8.347091088204759979e-01,-2.419821271375268701e+00,1.157529158140076841e+00
-1.049101692417452991e+00,2.763145280837289164e-01,-1.526229130774801934e+00,-7.580963849724842163e-01,-6.026746705069696564e-01
-8.839976651862626600e-01,-3.978147275493556512e-01,-4.483861540713230731e+00,6.701923242362889388e-01,-2.719624409714723967e+00
-1.709166593056473005e+00,3.493570408803800542e-01,-1.066386963112991637e+00,-1.722505449819290435e+00,1.956191605891932084e-01
-5.312831046263749579e-01,2.045352193808115393e-01,-1.615888835218501907e+00,-2.106037867119603835e+00,1.209438589947558818e+00
-1.177500664510076733e+00,5.265908238978718181e-01,-7.619469265215852438e-01,-1.472648654313535310e+00,-3.266256302839737113e+00
-1.918061264059089943e+00,6.373811841237209119e-01,-1.978366584974962539e+00,-1.944785627555642105e+00,-2.009713653299140645e+00
-1.822043163782694819e+00,-1.540833586712278658e+00,-3.428791264908839231e+00,8.849219294756649479e-01,-2.466973178141762979e+00
3.757574415075130014e-01,-4.778500606291303243e-01,-8.770455137596446793e-01,-1.209870323199601305e+00,1.369506009010441616e+00
9.084248197318298690e-01,-8.305565420572360580e-01,-2.994498706440608116e-01,-4.308361432477873620e+00,3.604606134898554082e+00
-6.074575916046340840e-01,9.544442729512003787e-02,-8.769753538712588004e-01,-9.290038729541993945e-01,4.100549933502306565e-01
-5.097888266469949858e-01,9.551405840014931536e-03,-2.799169899112039062e+00,-4.235437067293533753e-01,-1.647258577351544462e+00
-2.172673196241883264e+00,7.771644757468654241e-02,-2.502511016117203724e-03,-8.621994060385750336e-01,-1.731218179806316648e+00
-4.316784438277704306e-01,7.814820509116195968e-01,-3.409577158760142002e+00,-2.150060666080016780e+00,-1.009112563929301709e+00
-1.925195438309048601e-01,-5.294813395819133461e-01,7.896832032419796032e-01,5.294292142294665382e-02,9.624734629672881958e-02
-1.932982163084107086e+00,2.499077219253796889e-01,-2.308558679038131167e+00,-4.122448191719058741e+00,2.618270629884288381e-01
9.765167379221029176e-02,-5.152776108536443189e-01,-1.239348459260461999e-01,-1.487064464153678767e+00,-6.604878263380320469e-02
-7.910728274524512216e-01,1.612854331979235001e+00,-3.813378085957665475e-01,-2.736589798750779678e+00,3.543407297912702925e-01
3.718793639041415577e-01,1.854121127165700988e+00,2.305584259766269017e-01,4.050882354123076512e-01,1.277169583120314034e+00
6.848667305696722885e-01,1.765546804692201821e-01,-3.488930541885215675e-02,-6.040485969446447445e-01,3.385577523433342062e+00
1.410178487642572920e+00,7.072891218339893982e-02,-1.488458399441720870e+00,2.263562958818057247e-01,1.171699020515693856e+00
3.395410553664194309e-01,-5.104270390512483102e-02,2.442332948949324845e+00,-3.172045271926355881e+00,2.662641443312098843e+00
-5.244801222264992013e-01,1.172931484612712127e+00,-4.991249769610565101e-01,-3.584601295258585729e+00,6.976832851047182205e-01
1.398226324312608293e+00,5.541629855553985573e-01,-5.835483721680565505e-01,2.165556173860671674e+00,-3.087111662481027974e-01
-1.917523090080266890e+00,8.980121386324800836e-01,1.990528609618661848e+00,-3.093921833720744807e+00,-6.713244005590440766e-01
-2.193972331329693937e+00,4.493898478244898187e-01,-2.345053668531305480e+00,-8.880077477524490615e-01,-3.551171912519575646e-01
-6.803169145417876651e-01,9.246375352665758829e-01,-4.796919527479219347e+00,-1.501518820986846858e-01,-2.356467067964014728e+00
-1.277242286984426212e+00,1.701924196096469943e+00,-1.435221871712532682e+00,-1.290032149189350719e+00,1.868029582032182834e+00
-2.467192350489642472e+00,-4.770520610634475522e-01,-1.909466005929492782e+00,-3.392541690924749886e+00,1.629430438164098938e-01
-1.209003333530463076e+00,-1.565132313135748188e+00,-1.404019708135887612e+00,-2.346342704802170775e+00,1.156417972132093519e+00
-4.404527714363345448e-01,-2.134027894848554041e+00,-3.771464857392631043e+00,-3.412443359943524435e+00,3.898620723616744721e-01
-1.284792477603575955e+00,7.972514317275686269e-01,-2.745912513411794098e+00,-3.204670187411811533e+00,-3.386819544960097961e-01
-1.689104803039792602e-01,7.194860216717269275e-02,-4.787281611402238735e-02,-4.447524955963643833e+00,8.107899680819785626e-01
2.271270112031004151e-01,-7.001377326122577571e-01,-4.865299631181040363e-01,-3.461794334586743904e+00,3.442094186496324593e+00
-1.140428200516683477e+00,-2.405086434604577050e+00,-1.057759177316623056e+00,-1.762056264263470950e+00,1.337526902942334228e+00
5.751613533114022792e-01,-2.082747161731469454e+00,-8.770242445926781372e-01,-1.828974537781820731e+00,2.354871245580256289e+00
1.260797407343368315e+00,-1.551455957289354259e+00,1.608202196340028145e+00,-4.077102552689226833e+00,1.698696214421579143e+00
7.007328982103745441e-01,-1.037031521823973179e+00,1.881875133489577134e+00,-1.546428858294724318e+00,-1.196485456494999378e+00
1.261607931910267322e+00,-8.861130410299205007e-01,5.913209136040628033e-01,-1.355590421626155395e+00,-1.421645533326375110e+00
1.272781255040916992e+00,-1.669829473633194006e+00,-3.149687154510196763e-01,1.377795849486346480e+00,-3.130692890979041021e-01
1.280209093704240964e+00,-7.188362293792741609e-01,-7.665973137341992594e-01,-5.083041748836374385e-01,1.024025595169091973e+00
1.668542746512360342e+00,-1.882723225730106309e+00,9.214299519287338924e-02,-1.917580147183023387e+00,1.991050298674067243e+00
2.823404722049453142e+00,1.043053442053601287e+00,7.740648492075129505e-01,-3.055626700529828099e+00,-1.375483045074636257e+00
1.467792776966146517e+00,6.510401000674495009e-01,4.870285500591386096e+00,-1.096749027088114392e+00,2.388537813076180072e+00
7.823222945644043858e-01,-1.215191855967389545e+00,6.849382025559653808e-01,-6.580913476266838646e-01,-2.054176924933484472e+00
8.906199744875502589e-01,2.712673699804633576e-01,-6.219925679955795594e-01,2.993052320538075683e+00,-1.312419647709367698e+00
2.408877380192313566e+00,-7.277268045749010761e-02,1.228021548290791465e+00,-2.200367436815191091e+00,1.118097789667917175e+00
1.453998254279346813e+00,2.487769717791253887e-01,9.046436395335675229e-01,-1.955062970071532735e+00,3.949276060468381866e-02
-3.113708892692423902e-02,-3.974527030587080567e-01,4.615180784905620115e+00,1.394845676051496675e+00,2.407744380201860324e+00
1.720841249342565327e+00,1.137739104302319060e+00,-4.343340805829698503e-01,-1.637485023527516681e+00,2.170727647087326240e+00
-7.689221652409790053e-01,1.512005833676251854e+00,2.607683458852429137e+00,2.420803708944446520e+00,1.278480039553234970e+00
-3.948959535348154359e-01,1.163618647270702411e+00,1.061192748870584790e+00,-2.004470320004415385e+00,-1.776021468880011334e+00
5.067756075644720415e-01,-1.058382141768440032e+00,3.907716136087827863e+00,3.942566136093712537e+00,1.295769629560958647e+00
-2.827669602396270854e+00,1.960142677858957461e+00,5.578349171936458628e-02,2.029937286746483771e+00,-5.541949144657144499e-01
-3.037300740059952098e+00,-5.130775726017389182e-01,-4.806897721657216183e-01,3.493005443842710722e+00,2.061639450016133246e+00
-2.248516798844248488e+00,1.233303703643371607e+00,-2.419382406853420431e+00,-1.446233198057962632e-01,-1.028455616500778547e-01
1.877330727393401011e+00,1.596774660238688415e-01,-3.190033372774857767e+00,1.265551408759120200e-01,8.233794011730968254e-01
-2.683481167975886317e-01,-3.425739180387237792e-01,1.194249965762312349e-01,-3.346211520295241382e+00,-3.548413014752460626e-02
-1.912160859329341100e+00,1.847754553771097097e-02,-5.689269672571174441e-01,-2.383242788845923332e+00,-4.074252369456298206e-01
-3.902189251177095031e-01,-2.578607826036817263e-01,-9.887865295007516320e-01,-1.441020650734529340e+00,1.511958325061852237e+00
-2.721010042636533122e+00,-1.137272040818992691e+00,-1.087128840032481891e+00,-2.282306333652527552e+00,1.673352855556103691e+00
-6.596393021672590784e-01,8.370483966060828784e-01,-1.901917986753942857e+00,-7.109187831085692633e-01,3.636289841526147981e-01
-1.807673151605527551e+00,-6.147715590759550430e-03,-1.184116591576147126e+00,-2.127166405393278392e+00,3.097020023247445852e+00
-1.454990935258125395e+00,1.716789440214869567e+00,-4.891805941601422347e+00,6.307484066211910267e-02,3.858214499586243296e-02
-4.194156331346043931e-01,1.135470725087969646e+00,-6.016844646947897557e-01,-3.571781220573945870e+00,-9.135003694697133025e-02
-2.171346138377770352e+00,5.956154392250674334e-01,-2.317188066194681539e+00,-3.533215250805104901e+00,-3.386822746014646057e+00
-1.436292081810260246e+00,1.058199757456815604e+00,-1.597161148888813109e+00,1.321956689316795996e+00,-8.168568630865248315e-01
-1.350823395977559072e+00,-1.322788871019060730e+00,-2.340663129803452591e+00,-1.961121152785712196e+00,-1.072817705618274164e+00
4.464819509294356559e-01,-6.888059956131620254e-01,-3.912625836820716518e+00,-1.798382097712924121e+00,-4.276874007741675143e+00
-2.631378927648085897e-01,-4.496097087956063554e-02,9.449830449279479350e-01,-2.862238720576764539e+00,-2.428862845783483770e+00
2.883246908381412954e+00,-5.454802185663323311e-01,-2.828239490135766587e+00,-3.964764508326915626e-01,-1.097876093258643326e+00
1.161565892588278137e+00,-1.415653878147534961e+00,2.094459919505887946e+00,2.247150559588094954e+00,1.846176073152203667e-01
5.870520151741112080e-01,-4.322459550942832962e+00,-1.587862809892310434e+00,-1.601543555877479763e+00,-2.336333320456573936e+00
1.743856485552374158e+00,-3.043611981786692233e+00,-2.844158181710669808e+00,2.055359700651787414e+00,-3.262031211365417072e+00
-1.044374151072308354e+00,-3.276281504021649749e-02,2.701707621882648347e+00,-3.983838042258541989e+00,8.533994475770545485e-02
-1.107838195227530687e-01,-7.217742985449593363e-02,-2.522279127408804111e-01,3.775296828303298380e-01,-1.868687856707797579e+00
7.350502679856101285e-01,1.225153509009857089e+00,3.104887438188452808e-01,9.996680155657702294e-01,2.304296361070691468e+00
-1.191060134718813668e+00,5.520131919067059467e-01,9.577854000940598800e-01,6.955719637833234215e-01,-5.343601074977660792e-01
3.131364354445335785e+00,9.078863675097692543e-02,2.220715342298489325e+00,1.898808907643268817e+00,2.834083305833030586e-01
2.635118808247258748e+00,-2.619078484276228247e-01,5.031294995191283981e+00,2.757545205846901659e+00,-1.729961580900907236e-02
9.288698147456075915e-01,1.936409995847215848e-02,2.745783167105649181e+00,6.536382853246078817e-01,-3.241721816903269104e+00
8.346627219014068899e-01,1.206571132619193687e+00,3.203599033349814107e+00,6.117836459587592479e+00,8.033170667872746584e-02
7.161080437831115475e-01,-3.647648011726818407e-01,5.010848830306280366e-01,2.322496511049162216e+00,-3.287937001686191962e-02
3.990853170998902577e-01,-1.087652440584016000e-01,1.930406001691967743e+00,2.978937359441711230e+00,7.390060354390056707e-01
-3.342093394568745324e-01,-4.639576940503734037e-01,2.925884942147020107e-01,1.700232894999428535e+00,-2.241481831790735235e+00
-1.141868078379735807e-01,1.937082387050387489e+00,-1.854572488310219702e+00,2.608746274863793957e+00,-9.093738789995707839e-01
-1.307637998948267377e+00,5.773565641631420720e-01,-7.455566039711157555e-02,1.105245937785005239e+00,-2.058335159668074787e+00
-6.792378779562204816e-01,8.458600624827306014e-02,-2.495305278872573140e+00,-1.134868082465571471e+00,-1.653196812196642940e+00
-9.234082508549865675e-01,-1.431105215174527601e+00,-1.264097109491940429e+00,4.134983714722207715e+00,-9.453038258116346348e-01
-1.382455482477064512e+00,-5.281753452278602490e-01,-1.750232024435646405e+00,-3.812410092299356901e+00,-1.044380405752245444e-01
4.182242934536171686e-01,1.114921994027429086e-01,-1.488211168861417910e+00,-1.761283774727528062e+00,1.197915814891309938e-01
-1.925739956799138453e+00,-1.981786704400143373e+00,-2.444979283727535702e+00,3.605753215852463001e-01,2.363023266110744203e-01
8.721342918153269785e-01,-1.228118031139543653e+00,-7.747870899398590083e-02,-6.562844239438223592e-01,-2.206073706341586504e+00
2.195625827353201664e+00,1.012412056185550302e+00,8.570170588423675628e-01,-2.665842526074844732e-01,-2.624297189042631206e+00
4.224728908390254389e+00,1.045874567109743802e+00,2.457663603210432424e+00,3.935064923859729058e-01,-1.536803379926979352e+00
4.093261671979651517e+00,1.819712520474106920e+00,5.193643951999315611e+00,8.660833253259692111e-01,2.185364391219549951e+00
1.924341586663909975e+00,-1.009460911149784312e+00,6.454775651561343253e+00,3.097381984341327499e+00,5.838600252389928302e-01
1.328402605902089695e+00,-2.292559198620382155e+00,4.659626836013621265e+00,4.960264890899658496e+00,-9.149944809617145403e-01
2.235639647978180378e+00,-1.648454358409850329e+00,1.570296299603764822e+00,6.532904246851538588e+00,-1.660876171841833671e+00
1.739445027514550102e+00,-1.007370755531028506e+00,3.192403071300753403e+00,3.928251279668235174e+00,-3.165049986691756079e+00
3.470625139466861242e+00,-5.328894000151072063e-01,4.626431710127222985e+00,5.483333213145051843e-01,4.352670459511931433e-03
5.654988598975863034e-02,-1.899480472607101733e+00,1.898531561639612786e+00,4.609112889421863812e+00,-2.680416716048707571e+00
1.733817799213824395e+00,-1.006696536461271663e+00,1.394751022057838519e+00,4.756623113348156906e+00,-3.043321185453542022e+00
3.430513749169751936e+00,9.199092824554899739e-01,-9.566795871224227366e-01,1.824659612941677889e+00,-2.148097874451675438e+00
4.666913666178309494e-01,-7.671271790881578623e-01,3.074351198304859256e+00,3.538333152098674717e+00,-1.776898581854271963e+00
2.722707647532158326e+00,-1.074534897802650546e+00,1.711384056588180158e+00,1.167710600278959454e+00,1.135878800661236365e-01
2.502621044629019131e+00,-7.475677490422534266e-01,2.222667010173056568e+00,3.714526355604682806e+00,-7.971377629623194183e-01
2.720742744380769018e+00,-2.168545384029793854e-01,3.042681408953212152e+00,1.806630437067910933e-01,-2.668055791996022663e-02
1.774080484593216545e+00,8.808646919847198387e-01,3.217726162616516561e+00,2.797489562384771755e+00,3.989189934840443597e-01
1.240720928437402559e+00,-1.530124529078179085e+00,4.889297527275248356e+00,1.801774593631108479e+00,6.912229291588440905e-01
3.087161942012643934e+00,-1.688204941660128355e+00,2.683901031871333220e+00,3.601536161824941740e+00,6.664128541224916269e-01
1.280819028954616634e+00,-1.490678033439477856e-01,2.948862848649613788e+00,4.153374260536672580e+00,1.303741442213180779e+00
-6.999555270218868475e-02,-2.777466321859994314e-01,1.964529657670528895e+00,2.753149912084108752e+00,-1.904147705455594419e+00
-3.650056615936244087e-01,-1.171403250600720591e+00,7.731873156425723703e-01,4.652020997611526099e+00,-3.166283705492574096e+00
-9.205105982136776444e-01,-2.380300107353179317e-01,-1.462988506694134605e+00,2.056679655698563813e+00,-2.871554649545216442e+00
-1.001443647698382566e+00,-6.514192970828727169e-01,-1.942804882914695774e+00,3.944499991825205054e+00,-2.687116523971063042e+00
-1.832309559445422398e+00,-2.289369985860108425e+00,-1.953424217910457950e+00,6.969600964790614306e-01,-3.640581923511396756e-01
-2.648666043062906095e+00,-6.397327366846879970e-01,-4.541686301231216305e+00,1.846380254258986886e+00,2.499986250750341199e-01
-3.051621239680808895e+00,-9.535051036732881125e-01,-1.468560818391011047e+00,-5.885495716358496443e-01,-2.141744229890495177e+00
-2.684401307669451953e+00,9.761414003612349788e-01,-3.890264690382612578e+00,-3.982126201967854939e+00,-1.754157975939372172e-01
-2.160719563215521610e+00,1.227566959043638661e+00,-3.693865135128524990e+00,-1.398730674476449387e+00,-1.441961639421083463e+00
-1.830112520033510215e+00,9.698464553780272723e-01,-4.865037293222457038e+00,-3.504641779544960034e+00,-7.806120099702891224e-01
-2.136772953656339791e+00,4.038031137985947927e-01,-1.391792281759945071e+00,-2.373171702719488074e+00,1.009600137984187018e+00
-1.794165808150395502e+00,1.048864859613575007e+00,-3.796668313501883052e+00,-7.218869316831062477e+00,-7.722528393866463503e-01
-4.182760345277451997e-01,-4.564122301098967327e-01,-2.176886119535737851e+00,-3.126753965346711350e+00,1.568162710324672693e+00
-1.790585154404567447e+00,1.997250647506537691e+00,-2.117276429478178734e+00,-3.805544471489755498e+00,1.573128824487456612e+00
-3.074783456185241348e-02,2.122142297947112066e+00,8.650681813335460157e-01,7.362128564732330904e-01,3.071202311886620961e+00
-5.303034846483403175e-01,2.054648340987245136e-01,3.512670731712873584e-01,-1.332277852446578148e+00,1.793695463943416835e+00
-8.881009320677868413e-02,3.893148659297641090e-01,3.565360943492478785e-01,2.264787172840607710e+00,1.092373188831310848e+00
5.939534330175522125e-02,2.616866722285310143e+00,1.337504570761800071e+00,-2.806050276227168183e+00,1.293298758124163284e+00
-1.367513853345745156e+00,-1.580600994641084389e+00,1.264778150176626426e-02,6.989797163894542198e-01,1.401475825273257980e+00
-1.856357953259608840e+00,-7.622351837147833820e-01,6.271160004100326812e-01,1.941696311975235067e-01,-1.187281592433123256e+00
-1.040385252352934886e+00,-1.501905389452676154e+00,-4.794897952834877408e+00,2.240401712704502390e+00,1.752708761663753556e+00
-7.680467415302824064e-01,1.760676338320634748e-01,-3.856906715899292681e+00,2.868177536958095519e+00,4.756623894825873222e-02
-1.740018116687896743e+00,-1.538967977405766518e+00,-1.204297442074123481e+00,-4.097849819118748016e+00,-3.218137498324387669e-01
7.794875847862172691e-01,-1.016293296928958423e-01,-2.099600543703147082e+00,-1.895994039953724508e+00,1.386938972878861254e+00
-2.855011105300596652e-01,1.102361130401589673e+00,6.212107160848436838e-01,-5.537810643883998019e-01,4.121619698912469820e-01
5.509770237653802694e-01,2.716219995862130254e-01,-1.100789836755710738e+00,-4.360641311096176587e+00,1.002746841142365453e+00
7.459508933026932631e-01,-1.770947903989320560e+00,2.715728685917083163e-01,1.456315608047255239e+00,3.574872517938346705e-01
1.851607100095024716e+00,-1.151131966387850536e+00,-5.150174756470023985e-01,-6.537488412575217511e-01,7.627140665370071293e-01
7.065640455358734862e-04,-1.306192174480611534e+00,4.167615936340294702e+00,3.644113576864054238e-01,2.480025841121252128e+00
-1.527062525663495984e+00,-1.663905461586574930e+00,1.268774363428430529e+00,-1.642169524687969284e+00,2.160186889317738501e+00
-1.422588889362599751e+00,-5.959965171983469534e-02,-1.150862651692729832e+00,2.380874027671306514e+00,2.373212529327565878e+00
2.064939739579566003e-02,-1.192025902234344459e+00,1.572167461168510361e+00,6.594044444976091546e-01,2.051682850593567586e+00
-1.998179392945833577e+00,-1.792506196310154731e+00,1.328146969546746714e+00,-4.714574539505842488e-01,-7.525567594471865851e-01
-3.293392046375271387e-01,-6.158493554577589846e-01,-1.511437944391988975e+00,-3.945612499573623033e-01,1.585523259641615557e+00
6.085026968622767596e-01,-1.982667076100322223e+00,-2.652381383340700616e+00,-1.111993889106945854e+00,-5.914497302175792948e-01
8.883240729296448812e-02,-2.194219842497565409e+00,-9.939062848901045744e-01,-1.309378892089036572e+00,-2.071697976893399851e+00
2.952547131342261322e-01,-3.862235441344841202e-01,-1.528228020135208309e-01,-2.862081878470865259e+00,-7.341559864989061213e-02
8.959844944865469341e-02,4.741157757929142513e-01,3.432715447624702376e-01,6.892617019420350655e-01,-5.356568596401267701e-02
-7.718666904270282680e-01,9.856535481012460576e-01,1.286789853961173735e+00,1.122271417328371435e+00,1.796806557752417488e+00
-1.109352975717325940e-02,-7.196884118740582981e-01,-1.551924992974170969e+00,-7.415260435066044487e-01,2.159006509845891930e+00
-1.721001252536666914e+00,-2.125734611221295367e+00,1.366053140857941273e-01,1.977292853650207460e+00,1.231969692653311688e+00
1.589667464625267979e+00,-5.476511683698064292e-01,-2.580636643062114377e+00,-3.226707230629100032e+00,-6.908707572374330752e-01
-5.511104159786647250e-01,1.181770937158152651e-01,-1.130771660345655238e-01,-1.424860447768327099e+00,-3.111099792478588810e-01
-3.250873283308313710e-01,-8.942751168847189458e-01,-1.266923408723352296e+00,-5.431050514910461757e+00,2.244406832199406399e+00
-7.916904668888833374e-01,1.024701192480262701e+00,-1.546862219196708965e+00,-7.659737819599730102e-01,-9.595040269151310364e-01
-3.234159009254011785e-02,7.744991226154309683e-01,2.066018194164405575e+00,-3.272664925890679921e+00,3.676415319993977082e+00
4.036925726032105644e+00,3.879615262654888541e-01,-5.360044578592753073e-01,-7.328481077452804193e-01,1.062214835936359236e+00
2.274286979556558563e+00,1.433892095227470298e-01,3.391191783597584664e+00,1.198632899394817430e+00,4.182698233538993726e+00
3.887382828805570512e+00,-1.313134615684623530e+00,4.019169332689273233e+00,-1.802995225673613477e+00,4.510979690811315557e+00
-2.959453208734608154e-02,-3.931342730678966113e-02,4.956522118531107246e+00,-1.679770203806560946e-01,-3.403597394296592471e-02
2.060553981926037004e+00,-2.442098386782145525e-01,1.242501910317894032e+00,1.666458056618868255e+00,8.516945890599342261e-02
1.079408226240778923e+00,-4.826399136951275981e-01,2.462541178912688089e+00,4.636913533111153285e+00,5.747561145308158759e-01
2.344103031337388288e+00,-6.047947097882624412e-01,8.078326604706620451e-01,1.632682469433463179e+00,-3.429176021207970271e-01
-1.385199490899017949e+00,1.171901726815459011e+00,-4.594778253862343842e-01,4.148496208122723239e+00,-9.409399922936714233e-01
1.707540182117712746e+00,5.638924635326216794e-01,-6.227014841989997329e-02,2.305613067190361409e+00,-5.297566704037798280e-01
1.848488909161005944e+00,1.564541607671833701e+00,-1.531881174898488407e-01,-1.550964967691979446e+00,-1.256631947043149289e+00
-8.212883997464603958e-01,8.706793059265102164e-01,3.056115583861457985e+00,1.467970660418142614e+00,1.150139146683685887e+00
1.320306155982305052e+00,-1.362416159069626431e+00,-3.356812854045530536e-01,-1.207361485505517695e+00,3.078375280505406320e+00
2.103954011995379680e+00,2.062253310678743290e-01,1.413040384394083304e+00,2.066618283147127144e+00,5.743251918345276819e-01
3.346007066824642884e+00,-2.222865821351698301e-01,1.894518630805384074e+00,-1.406054531543373676e+00,-9.853691501405625885e-02
2.369397372565142934e-01,1.537968102523890046e-01,3.797857034360830664e+00,4.854822350359049299e-01,1.755501615795322490e+00
2.135812779207729495e+00,1.534373760449432300e+00,1.951113433951646048e+00,1.434206940651112205e+00,1.860810199086846195e+00
-2.549519447189293464e-01,-6.609692703272862513e-01,4.370282076843690078e+00,3.457699108161435664e+00,2.428694959258232977e+00
-5.671642506394637406e-01,-8.867908416763170543e-01,1.296839512450306708e+00,1.886103338829606013e+00,5.500532994278265475e-01
8.104728824666032061e-01,-3.891412067529875785e-02,3.471752905298112202e-01,1.768837031550941630e+00,-1.078844502232422009e+00
9.399562712720375135e-01,2.222848775611591332e+00,1.975504457514486667e+00,-1.523693622731025599e+00,6.566218801377112779e-01
1.764039149697892883e+00,7.505170386648364333e-01,1.808603972206666244e+00,8.285993645907041572e-04,-2.630460408888450341e-01
-3.013259008336455214e-01,-4.472423505641653363e-01,-4.076244089537468529e-01,-4.455192543991117748e-01,2.391218444266187682e-01
-1.081667798738380482e+00,9.503019218744698238e-01,2.279606767645560028e-01,2.311990148735135975e+00,-1.242380967420819049e+00
-1.803529393301510630e+00,8.040216716709067679e-01,-3.279844892195392436e+00,1.596535404952723392e+00,6.321723632393021486e-01
-2.424434581021469803e+00,-3.702005311514226515e-01,-3.720791675488992034e+00,5.013326292409168161e-01,6.865004240657603951e-01
-3.151723379122911339e+00,-2.986624584349548694e-01,-4.715914806196281006e+00,-5.186476669790479832e+00,-2.131493630256065419e+00
-1.490433760839535271e+00,-1.112579773495403268e+00,-5.054587541585803478e+00,-2.108109332462689611e+00,-1.304232547316503954e-01
-1.854644108144950954e+00,-1.303670238928228198e+00,-5.246061956581226760e+00,-6.400566266138308258e+00,-2.898757555380031992e+00
2.599543786142799462e-02,-9.469032008522993982e-01,-2.940235671468627299e+00,-4.334950884737416743e+00,-1.751273571285944186e+00
-2.285525820725057944e+00,5.010902606229405976e-01,-6.706822772237677199e-01,-6.076148983677311044e+00,1.393301922082816224e+00
-4.982800141892581580e-01,8.269251533966558432e-01,2.183195736458702907e-01,-1.655232365910887848e+00,2.487678607899420857e+00
-1.122171061348345766e+00,-2.101353101437141158e-01,-6.285941127962857422e-02,-9.398014891593138298e-01,2.941409629718534369e+00
-1.046541427552353465e+00,-1.361740615826755763e+00,-9.847689946854283338e-01,1.356340475692753955e+00,-1.216316120097277409e+00
-1.212151774758315703e+00,2.005953616894507352e+00,-1.510017293105789138e+00,1.529229767333779577e+00,1.051291866735007519e+00
-1.730170847036064607e+00,-1.065700599950986094e-01,1.828109047343291493e-01,-5.507697918909534307e-01,1.864914942447596147e+00
-8.218662861719003843e-01,2.202977807946635558e+00,-1.766395731780418643e+00,1.695990275665838487e-01,-4.326227451116354539e-01
1.137601044295399877e-01,1.308241860523048805e+00,-1.062253810223980022e+00,-4.475585171441969767e-01,-3.526793915143950908e-01
1.275154059601066869e+00,4.408625422274575767e-01,1.952960712457552095e-02,7.833837208941181185e-01,1.855841441123982083e+00
1.519990343275373190e+00,1.103694350547954173e+00,1.301772955276499388e+00,-2.447581432218838948e+00,8.997250874776967500e-01
9.812738144643523563e-01,4.710100996608555524e-01,2.296446423961922889e+00,8.673756224501782963e-04,-6.945476168886074997e-02
3.212061943643884643e+00,-6.784234304108671676e-01,3.925057904405897080e+00,-2.644358277232433885e+00,-8.456963185291569429e-01
1.488171854709007480e+00,-7.887516696651097892e-01,3.222580205756035099e+00,3.408251921861864098e+00,-3.357954115223773961e+00
3.700432523562596776e-01,6.858593526388379047e-01,3.022492821804903862e+00,2.179643557530893894e+00,-8.367158155275578046e-01
1.041530620672971086e+00,8.835498736360747341e-02,-1.013329203304446757e+00,2.477110449289724681e+00,-1.187055018967958731e+00
3.543313086402329892e-01,-5.326381142947594904e-01,-7.342252940763708269e-01,3.317981920707308685e+00,-1.667600890551621529e+00
-1.370704474814510854e-01,-1.964940442666052611e+00,-5.375299649315157247e-03,1.961303162493284624e+00,-1.050160710517740181e+00
7.076448985459533603e-01,1.425232925476626722e+00,-1.662213854982045103e+00,3.639424670314850285e-02,-3.830659326258971653e+00
-2.114242474787334736e+00,1.091095983083541610e+00,2.958198664371215258e+00,1.802289282581468033e+00,-7.465974576966921683e-02
1.343851948914501993e+00,2.961362430567551662e+00,4.185741463413836794e-01,6.986187797515084341e-01,1.826375432526352149e+00
1.506052287051041549e+00,2.528632515846521933e+00,2.176977403029357827e+00,1.162720714164232172e+00,1.400355325333490608e+00
7.538707804068717211e-01,-9.939836882634147663e-01,2.593430035465768668e+00,-7.140994732264376310e-01,-6.280429131256912711e-01
2.497134069252760769e-01,-2.404096293167460985e+00,2.331145184092914047e+00,3.066123935858538374e+00,-1.144106682627806348e+00
4.751928929795833367e-01,-2.224139193333771747e+00,-4.174941003682740570e-01,4.003062076377918110e+00,-3.991516855835305133e+00
-1.141255415323419342e+00,-9.477690631715749436e-01,2.920909778869480999e-01,3.243424681354866834e+00,-3.242158187922318469e+00
-7.848364537662988472e-01,-2.167423055641499174e-01,4.519767568420911541e-01,2.897752674437591658e+00,4.236211817756656561e-01
-4.631329237096030726e-01,8.591029012396542153e-02,-5.416440062750420559e-01,2.184069957624184433e+00,-1.829546030938348666e+00
1.387934495487484376e+00,-9.482076627777091815e-01,2.009971765156816081e-01,1.404197302558757743e+00,-1.964480636189070983e+00
4.203471218762903083e-01,-1.825577134857448769e+00,-6.891683969466240178e-01,1.851416189326898221e-01,-2.490537999809759206e+00
7.586770523146818546e-01,-9.252723713257082760e-01,7.040245056445880723e-01,2.820361169106577748e+00,-6.979170266128924549e-01
-1.371080915048134452e+00,-4.174361185696862098e-01,-5.635836975404435734e-01,-3.374607639355011734e+00,-2.363171456612376709e+00
1.013943076097939544e-02,-3.087101208395560681e-01,-1.362359604192717177e-01,1.130641062580687306e+00,9.654472760151566746e-02
3.149121089392901141e-01,8.200704340259999947e-01,-8.900619502426342367e-01,3.220997882469701645e-01,-4.464788940511177362e-01
1.843696063773750671e-01,1.212561732506587386e+00,1.070346395721606170e+00,1.838525624910146483e+00,-1.557054793029343687e+00
-4.813309040780215931e-01,5.045693252776730642e-01,8.818629971173592708e-01,1.495633815582739778e+00,-1.940016988906176909e-01
-1.125503650539813494e+00,9.266096178059037847e-01,1.239850147609209197e+00,1.707309655955030259e+00,-1.007427780980389986e-01
2.284388683782692664e-01,6.172927225326430012e-02,7.342794134064780653e-01,9.881792252325170001e-01,7.080344651255415789e-01
8.639547920728566366e-01,-1.720839329542490637e+00,-1.011914118704280163e-01,2.332040577439324913e+00,-1.694647882183414778e+00
8.169386254170439843e-01,-3.975500260133546515e-02,1.416075381713211456e+00,2.029028762605400438e+00,-1.418336174684609929e+00
2.251150957950897702e+00,-9.124262507892848539e-01,1.170823229964330192e+00,1.373044080662439104e+00,-1.520108219020323670e+00
2.748582072243026531e+00,-1.502367854032480743e+00,2.287516390087533935e+00,1.907918342547775925e+00,-1.505521126356961226e+00
1.614050277414125656e+00,-8.898791866310190590e-01,5.292495442513288850e+00,2.760946248593961982e+00,3.245748405689514726e-01
2.331476250959899410e+00,-2.124497553598073463e+00,-1.809768705940002498e-01,4.104053683024904586e+00,-1.908411907255855411e+00
9.471440120455298928e-01,-7.841012395492130693e-01,6.013983990426554627e-01,5.877928011612626236e+00,-8.440307200136243360e-01
4.874274593432770253e-02,-8.371381245680609151e-01,3.680332396461575284e-01,-8.322391541869270659e-01,-3.220265352803521886e+00
1.590070830187830575e+00,1.288500163156171219e+00,8.916967521610844605e-01,1.184575738412532386e+00,-1.474825251357411160e+00
1.770724667500376714e+00,3.307892797310074684e-01,-1.527512914583046832e-01,-4.388212044454598004e-01,-1.207450083174934186e+00
6.401810276101306263e-01,1.132146782660155004e-01,4.114234498114832661e+00,1.794140802873100959e+00,-1.766538431157010036e+00
1.837508748603905451e+00,1.505427121961837145e+00,-2.655779123839352995e-01,2.715348128877203004e-01,-2.355459164342450062e+00
3.715388773321635973e+00,4.424258615415411211e-01,3.150815294542326672e+00,5.373413262679232361e+00,-1.490210835028595859e+00
1.752571352330501986e+00,2.137145535604690672e+00,4.636452817314863140e+00,-6.961735320291529971e-01,-1.804552217328102337e+00
3.516861135839965957e+00,3.553253186242191219e+00,3.215759702772006623e+00,5.982429092246342783e+00,-9.688912600862099600e-01
-6.587047638098453284e-01,-1.001060741054642600e+00,7.974980012878496005e+00,5.487079019098499266e+00,1.545073854292757343e+00
-5.469421982197107956e-01,-6.095023203598770589e-02,4.679999598691979568e-01,5.108853373231377226e+00,-1.604645658995918822e+00
-9.319261493115359452e-01,-7.201665248678684739e-03,1.299829586305524032e+00,6.692629974521016933e+00,-8.661587158410458676e-01
2.781331522785216448e-01,-1.907197128759292593e-01,-1.835030168950202878e+00,1.156891335229422779e+00,-2.144863832454131647e-01
-2.010030068220005628e+00,5.617238589029880380e-01,-1.535915364676100570e+00,3.873843530703655613e+00,1.247129204300028160e-01
-4.545475405534060154e-01,8.236340607740472164e-01,-1.343859864736536736e+00,-9.638038891888751625e-01,-6.255294374535292912e-01
-1.603109983884737577e+00,1.914953828541840763e-01,-1.590645211657299996e+00,-1.350707387564329842e+00,5.690575057062163822e-01
-1.699693113610182937e+00,-1.416849741319193168e+00,-4.785035635714221414e+00,-6.112151068249308539e-01,-1.103555046145088259e-01
-2.367664405940963945e+00,-2.909960231712704903e+00,-2.408381561466331089e+00,-1.833966559610595182e+00,5.310495722830208543e-01
-2.894959471798639328e+00,-1.381442956631304675e+00,-3.682053931491540588e+00,-7.239060174849751839e+00,-4.662293122906501219e-01
-3.689140765800786426e+00,-2.294024507399423651e+00,-5.048755681738125389e+00,-3.453733434812485292e+00,-5.708933591598717161e-01
-2.745296536900469597e+00,3.324304579696971129e-01,-7.135543209913863372e+00,-3.727870464927951932e+00,5.092235094440731302e-01
-1.791327975750743651e+00,1.436862031776036330e+00,-2.631933528205251172e+00,-5.379076716172716210e+00,1.977496190691363731e+00
-1.365590513168136066e+00,9.322749213622627540e-01,-4.033925479727046515e+00,-5.019744333101936462e+00,1.909651482324472793e+00
-1.507366327195091005e-01,3.637368523844506818e+00,-2.907901587299379198e+00,-4.364374508709723877e+00,1.734861463279375293e+00
-3.036119062916459166e-01,2.140015029226853382e+00,1.637764696125565855e+00,-2.580129865770270037e+00,1.185324862057302919e+00
-3.476556704089164285e-01,1.461272610297559504e+00,-3.625588300693924904e-01,-2.746871551419121538e+00,-2.420934376155616796e-01
-1.944148610520773923e+00,2.145605383553340850e+00,-5.522532548919059092e-01,2.806064830557651324e-01,-2.194114919249761986e+00
-1.755982821711135733e+00,1.306176628177970978e+00,-2.281251960654977040e+00,-8.855526807932130318e-01,-9.715153491622494641e-01
6.770521255557542251e-01,9.714771820361094434e-01,-2.991846036188431590e+00,1.102777287602902501e+00,5.585551491474429753e-01
1.448174191657766396e+00,2.781379403245971993e+00,-2.211172272121906257e+00,-6.339146190353495136e-01,-9.803437696140714364e-01
-1.275971520027723516e+00,2.291672473011623801e+00,2.046144460206096305e+00,-3.911148295046998236e+00,6.697693279244258946e-01
4.237844586545413961e-03,1.258708040063972078e+00,-1.283783419223882838e+00,-2.709475504562644410e+00,4.856594205738149483e-01
6.602161157959152149e-02,-1.488737823879919819e+00,-6.016281167222881088e-02,-1.237503634811863318e+00,-1.409951329504977924e+00
1.820249812133510892e+00,-8.020687648861881680e-01,-2.601946974494090181e+00,-7.465403827650641810e-01,9.589420934825565457e-02
8.802679873764192031e-01,5.693029931169774072e-01,2.271872177225497946e+00,5.409251537149860622e-01,2.799135564215770700e+00
7.042950644204817312e-01,-8.910700645647299245e-01,-5.753932312654108649e-02,-3.753022093030448758e+00,1.440491621318856774e+00
-7.790451278874901408e-01,7.288979747121234753e-01,1.869716226425362615e+00,1.106650113094781229e+00,1.589246975468969758e+00
-1.492159641587146757e+00,1.280743740403540665e+00,-2.240710863226585969e-02,-5.193016185828397413e-01,2.986515287903377835e+00
-1.687689124574289767e+00,-1.837211600792102439e-01,1.063979570124169660e+00,2.136773717412542517e+00,3.698621525895593898e+00
-9.760275107088107749e-01,-1.153685573741169534e+00,-2.973829926683500435e+00,-2.360708405937399501e-01,-9.789499743182711322e-01
1.809775223458202353e-01,1.677362120981968352e-01,2.979783624129830333e-01,1.389745719854474038e+00,3.494588843470158857e-01
-1.214036560830987099e+00,1.369329104159680843e-01,1.739328470139176686e+00,-3.162928036818005495e+00,1.798942850356071821e+00
-3.215490300134670187e-01,7.545140062002753112e-02,-1.526968163776079690e+00,5.343935135818422832e-01,-6.499368056989462961e-01
-2.958733311966436741e+00,-4.945762242702833045e-01,4.788347887968993355e-01,1.514170130922363189e-01,-1.434497705635032094e+00
-2.171627308559754610e+00,-6.871883467881659824e-01,-6.327870991236816067e+00,-2.028607620248906507e+00,7.051069635256235202e-01
-1.377616342889080858e+00,-1.071249746076876841e+00,-2.184626759688025111e+00,-5.390417129091653603e-01,1.567441325957983356e+00
-1.612999276625062706e+00,6.334641368928944916e-01,-1.444340999964602856e+00,-5.164155234324038446e+00,1.890274198587815757e-02
-1.970952432156780620e+00,-9.557513911760961989e-01,-7.707444154326257291e-01,-3.249427981966260148e+00,3.362876180037227547e-01
-1.246685595377889921e+00,2.755238419105250358e-01,-3.472958754020770034e+00,-3.211338765664216055e+00,-4.782403842591304022e-02
-3.452405056787396509e-01,-7.979431792653091104e-01,-4.173823314887847857e-02,-1.561192033779020383e+00,-6.021845813189521390e-01
1.394585664197911523e+00,-3.975110143199004353e-01,-1.176437337168763086e+00,-2.509111517254326351e+00,2.521833311579280146e-01
1.622549924988928360e+00,1.650861404612683270e+00,1.664487130497984024e+00,-3.316725299857239406e-01,9.956944331759354228e-01
2.641264741094870416e+00,2.247851261324661287e+00,3.639272391467374135e-02,-1.860626932733266514e+00,1.006799438170227656e+00
1.235334940474603238e+00,1.060945294499414882e+00,3.418630235847382792e+00,2.291594246668971491e-01,3.228001886007297649e+00
1.154638500224600239e+00,9.312232895027895418e-01,1.060712159651754360e+00,-3.390689970333173875e-01,1.236741715541391229e-01
1.530394616394530338e+00,3.212994040788226258e+00,2.479794247023050069e+00,4.496178371329813572e+00,2.660332065919307265e+00
3.257451520844405035e+00,1.717301243868923244e+00,3.256713907712638356e+00,-4.356656624919952314e-01,3.164448164477656089e+00
1.509544590919960960e+00,8.378217472728062276e-01,5.028312180811608023e+00,3.079179037576160738e+00,2.981026373026734344e+00
1.282313624476540959e+00,2.658660118111359494e-01,2.565747835144629896e+00,2.515614923151061610e+00,1.243942543194613393e+00
1.813130294736476245e+00,-1.195758438112818123e+00,4.409594776090404622e+00,4.266384081750891788e+00,-3.109662123327809891e-01
9.639935286669738534e-01,-3.511117883458683142e-01,1.712297850739791905e+00,1.571202639501869669e+00,-6.491082356004578280e-01
1.867087267762959968e+00,1.470352916210338812e+00,-4.786369554375292656e-01,3.652856858489768932e+00,-1.308003999908474047e+00
1.926210261440243210e+00,-5.308547816981590284e-01,4.274247469970053892e+00,1.369369947791749809e+00,-7.754992604423538438e-01
1.287570346388218434e+00,6.452641208696084929e-01,2.156624038774399565e+00,7.228488762337483831e-01,-9.559167191946915665e-02
-2.978197213007940380e-01,8.517259494693543154e-01,1.538708520263507351e+00,3.098924610824317583e+00,-9.795339163567458041e-01
1.698640491909909400e+00,-2.050938249323671858e+00,-2.885217390742319532e-01,2.994594097286420897e+00,-1.312038701609567370e+00
7.581292730732656082e-01,-2.093782567845350329e-01,1.340086042963164026e+00,1.201692169008057864e-01,-7.141760262157607064e-01
1.107419041132684523e+00,-1.675953041840852809e+00,1.358738385181740949e+00,1.287018804918494075e+00,8.072084132278978252e-01
3.654316724147761430e-01,-3.724264509447561267e-01,1.776229900731367994e+00,1.388995603007112445e+00,-1.172809616069100391e-01
2.127670229329871598e-01,-1.629818704721728739e+00,4.487984035251588288e+00,3.219554362721894214e-01,2.871060149530037631e+00
6.007126659248234191e-01,-5.599660231026406532e-01,7.741495191647672636e-01,-6.105997854440556871e-01,3.692545964370675948e-01
-9.806435213669386641e-01,-5.789873494272428367e-01,-2.374673717618021040e-01,1.299580162662808736e+00,1.251536232226064138e+00
1.392793988814927664e+00,-4.743579182694889207e-01,6.742169268954303352e-01,-1.394887035813587861e+00,3.666005565574370628e-01
-1.159077503354323024e+00,1.090266046037108083e+00,4.376373698595330541e-01,-3.059875329482076189e+00,5.518441355015779592e-02
-1.835963309185994374e+00,1.279659557074408927e+00,-5.102529362220988851e-01,3.702398953344118171e-01,-5.696076424278524453e-01
-1.060122863061165877e-01,2.424860526859323961e+00,-1.868245517089620167e+00,-1.369909150681862364e+00,2.241739979228910551e-01
-2.664089069052209435e+00,6.591434092757604279e-01,-3.129934984892019489e+00,6.953386103853518296e-01,1.101834687440639726e+00
-2.497663316686276502e+00,-7.915386530413481836e-01,-3.356713082114785696e+00,-3.763770973347779769e-01,-1.367630349404529433e-01
-3.541763574095541767e+00,9.878870446832301866e-01,-4.886945296458462984e+00,-2.637248463684992217e+00,-2.095674535360982915e+00
-3.136154994611616953e+00,1.349823315583643657e+00,-4.337428049573589739e+00,-4.972392976395425990e+00,1.201833169244771682e+00
-1.274859225482979364e+00,5.955275234958273822e-01,-5.741673294213589962e+00,-5.510985843935096717e+00,-1.369401752737888334e+00
-2.806276276513477441e+00,5.374091744186573205e-01,-3.416760378393057351e+00,-3.262626437695274717e+00,-2.004210331145055868e+00
-1.142971862999855981e+00,9.451553515701492936e-01,-4.315788053424025605e+00,-3.869491998446631609e+00,1.424440336310371702e+00
-8.549658378121076652e-01,1.356213536605353598e+00,-1.384230654947641970e+00,-3.613456316353192310e+00,7.623674590763598324e-01
-7.443058295348441433e-01,1.012217014544533278e+00,-1.605153372313308235e+00,-3.582121079613109771e+00,7.916118357960618690e-01
1.482778983990020727e-01,5.646889346362840012e-01,-7.909908995668987197e-01,-1.292542434364659876e+00,-9.531279949243064431e-01
-1.102359743599368835e+00,1.597329864608204808e+00,-5.526129226230238611e-01,-3.513947176365908476e+00,-1.082714329417854060e+00
4.964030145153767726e-01,1.702055760854797484e+00,2.084027820666760622e+00,-3.116162354014958336e+00,6.947957706408058876e-01
-5.520969866929694714e-01,-1.400328391196086208e+00,1.829667095628051632e+00,-2.367185387288386345e+00,-4.908618283606934751e-01
1.898447388108210482e-02,-5.732339573492567508e-01,1.582044297088144869e-01,1.800703643642152851e+00,4.547475986121989333e-01
2.126431389908332581e-01,-9.551012163342650907e-02,1.157977679455774345e+00,2.318776477563139427e+00,-3.802951814113020856e-01
-7.140502072180713311e-01,9.781025043002490316e-01,4.679839321279161690e-01,-1.305441225820742623e+00,-2.564323033824434939e-01
-3.572866893031808044e-01,-1.496469538146604217e+00,-1.998034994375863072e+00,2.014581868112901297e+00,-1.439596355555201823e+00
1.201319247707285598e+00,-4.393493534864788552e-01,-2.462641939634873989e+00,3.684684241797575588e-03,-2.013643687687741490e+00
-8.626574446313970412e-01,1.224433798732938783e+00,2.051174671410163963e+00,-1.471039406128495042e+00,6.019222388520707734e-02
-4.750277886979827335e-01,1.015965690850251513e-01,-4.223905436954000781e-01,-2.218899887851778274e+00,-1.853155481023775808e+00
-4.315962463196207910e-01,1.175936100884671376e-01,-2.594174228929526649e+00,1.668274961986085048e+00,-2.340688335411817533e+00
-7.110711580414633692e-01,1.180284628982821271e+00,-1.418155938323366838e+00,8.468561986596888636e-01,-7.764991316587839254e-01
-3.913096719063914319e-01,-4.525935334434458834e-01,4.610646664969253461e-02,-1.509480767171124560e+00,2.132341819017578022e-01
2.628306580556608374e+00,1.115101660975903242e+00,-4.898786296507539051e-01,4.402641340499803824e-01,-9.414834629158300716e-01
3.546761371784485029e+00,1.766163374575999145e-01,3.287024831508594147e+00,1.636955623237077218e+00,-4.822196687866487919e-01
1.079020559014439939e+00,1.063208479285670194e+00,5.531763722043399056e+00,4.181844031882427259e+00,-2.101693900118837721e+00
1.806826099510268291e+00,1.366458489311315416e+00,2.076387542890773208e+00,4.784133664289323740e+00,7.675475709158061655e-01
1.075065479156528392e+00,2.040401638702460829e+00,5.072267862274435046e+00,3.195591724820356028e+00,1.305190472130951962e+00
8.832172976561567523e-01,9.760523905620424046e-01,1.174973061033448563e+00,3.251756577593429398e+00,-1.825089212366484137e+00
-2.109700344073649259e+00,-1.402789412884569265e+00,2.367311195510897637e+00,5.148557574566592798e+00,-3.870082836295871687e-01
-1.701778175610356936e+00,-3.001186205524102313e-01,-2.801933203805281991e+00,3.042795787132882790e+00,-1.848802878736758082e+00
3.331401479189868287e-01,-8.089338705885729119e-01,-3.571787503729385582e-01,2.149059934269550443e+00,-1.174703773929889561e+00
-1.281888602981817726e-01,-1.668447509352196656e+00,-1.796565314834473126e+00,5.090926710170489145e-01,-3.945610396916777063e+00
-1.215914059738053776e+00,-5.317569798333978692e-01,-2.077896481790682870e+00,5.742717103933073775e-01,-1.454855981121057518e+00
-1.029637844523106471e+00,-6.024855010480587580e-01,-8.710624178854717847e-01,1.751860712407605769e-01,-4.172350006539513601e-01
1.313493488138711029e+00,-3.644017663500119797e-01,-2.317455065391150981e+00,-6.944431962227703981e-01,1.629840643042160586e+00
1.021127520674172562e+00,6.162851233943031914e-01,2.310318294916203774e-01,-1.289301268141993750e+00,-2.264882407993873970e-01
-1.358218567986990699e-01,-1.436110183377749538e-01,3.094787129732720743e+00,-3.175757672215465899e+00,1.385703127364864340e+00
2.101872986379033748e+00,4.810325155069836156e-01,1.180481704466466719e-01,-1.148673458698718397e+00,9.012751638311111702e-02
2.208162037227071606e-01,-7.874410823142206084e-01,2.616914209320977847e+00,2.034905492068156185e+00,-1.399530119835069364e+00
1.339402712143888285e+00,-1.513325462417978162e+00,1.722356923230871306e+00,2.692791129666741168e-01,1.205868546242197192e+00
2.486556241187609650e-02,-1.497497793317079218e+00,7.905073294114665083e-01,4.675762983046515942e+00,-1.100310981424349466e+00
8.804183347643315116e-01,-6.661305345608401485e-01,2.077493211854685384e+00,2.972742110741370958e-01,-5.399312614626124995e-01
5.677307701979170673e-01,4.918117814598056969e-01,1.497030052963611357e+00,1.590277716202809222e+00,-2.534640142077734470e+00
-7.835169990725983080e-01,-1.918410371447979879e+00,2.375333566560764886e+00,2.880633145766857695e+00,-4.280930943492216034e-01
6.744861045858834281e-01,-3.991779310173329542e-01,-1.424900899223616069e+00,4.379805829166341091e-01,3.219079910483793050e-01
6.162383790620966639e-01,-1.534938771546691116e+00,6.023002117705261726e-01,2.380118906107471677e+00,-4.635430850249702139e-01
2.322203046305049590e+00,-2.012915355419680807e+00,-1.061501386420751425e+00,-2.679480464804352202e+00,-2.110424710610732557e+00
1.149866704081813129e+00,-2.275692332291601172e-01,2.414149382594085402e+00,1.670209742412399612e-01,-2.682296671225189666e+00
1.844841682527388560e+00,-4.322126234417950075e-01,2.390106850985971754e+00,-5.965764554496485461e-01,3.216420962250285953e-01
1.340311100394682597e+00,8.793273666993955962e-01,1.571967074211035875e+00,4.030976221471751941e+00,-2.312111991986268933e+00
2.538811963843313091e+00,-6.230767879333768411e-01,2.398903653982396023e-01,1.303067537002533083e+00,-2.397271770630946985e+00
1.025054393684284637e+00,3.115767569678592475e-01,1.055439225046743257e+00,3.294004509325693331e+00,-2.190173728655970375e+00
1.004215946767964551e+00,-6.250014123297349400e-01,1.886802561608457385e+00,5.058330905025132385e-02,5.234308523241615330e-01
8.804850392061919218e-01,-9.175046091078620236e-01,2.616166112090885232e+00,-6.939384721346635310e-01,-9.062474322262958903e-02
4.595686393318491048e-01,6.554023040060471539e-01,9.344953362124257534e-01,1.499170417543031375e+00,-1.758029899196365209e+00
1.663999243768913949e+00,-5.759414541223595307e-02,2.557480516794707892e+00,3.017340942930728520e+00,-1.251624022591463881e+00
7.515581199302436843e-01,1.908419785757745846e+00,3.375605345451974770e+00,2.008400603667284567e+00,2.001728303120423380e+00
7.598095735684640140e-01,6.029324019560733383e-01,4.203717517073572552e+00,5.581211924494697385e+00,9.257894048229601269e-01
-9.808507894758177192e-01,-1.244801531563691110e+00,-9.608020929891347706e-02,2.771848321126873849e+00,4.342952650993965324e-01
7.423706789769446424e-02,-1.539344465325512834e+00,1.829364338653932942e-01,5.152624986455059286e+00,8.645965468687109023e-01
1.347453610443792638e+00,-2.223858459825846623e+00,5.689659492546998987e-01,1.262928463112546584e+00,-1.060609630882802801e+00
-6.069362538367207849e-01,-1.068306186494667465e+00,3.585901015377505052e-01,3.226440846314293509e-01,-1.408012956375736646e+00
-9.817686135485571564e-01,-1.464389943049343223e+00,-1.174570131200976864e+00,5.412966050875660518e-01,-1.463653316946031513e+00
-1.230494722296024968e-01,3.088889748934096069e-01,-3.990617518229020444e+00,-3.501404071951149666e-01,-4.898722193055938812e-01
-2.312677882159762444e+00,5.503995942457901025e-01,-2.411622685492924134e+00,-5.583388276040639475e-01,-1.531961051192542556e+00
-2.444469268684740459e+00,-1.119894113377946643e-01,-3.049478420162174519e+00,-3.765173588368761592e+00,-2.616451108533790482e+00
-1.980820449781289350e+00,-2.922465928691761472e-01,-2.880963676971322496e+00,-3.248333835536572956e+00,-1.877049499933413523e+00
-2.136964895908125328e+00,-7.139623900746246976e-01,-2.186700042777763198e+00,-4.141276814893238623e+00,-3.910874792249322551e-01
-2.356732189401038902e+00,-1.235037432774494182e+00,-2.698592464095781462e+00,-3.617204004470996104e+00,-2.822906834562422862e+00
-1.388750156687410975e+00,3.347397850710205347e-01,-2.410483183406638030e+00,-8.807861939702585907e-01,-4.368305715647557985e-02
9.694762745763495504e-01,1.454385215490810346e+00,-2.308076797199261954e+00,-3.020408037426428827e+00,2.064188365309292283e+00
-1.240521629149652805e+00,3.200926287935915160e-01,1.557395152442191399e+00,-1.982858282987438159e+00,5.290776136245831651e-01
-2.868318987414953947e-01,5.326968633585460466e-01,1.173658103859785973e+00,-2.678358336901488723e+00,-1.748889867815802412e-01
4.306173168895044423e-01,1.416546249975567884e+00,-9.532336294496438489e-01,8.093361352534036435e-01,-1.459565598408025799e+00
7.222325400232689763e-01,3.357153889176947903e+00,-1.622781462682941989e+00,6.990335910673686204e-01,-1.711773455471859329e+00
-3.060376404324011701e-01,1.948186664793715828e+00,-1.830767450840184996e-01,-6.097441923624388194e-01,2.386755439057504979e+00
1.689582056813307087e+00,2.564822233891645986e+00,2.011668979884777553e+00,-9.970588390085377561e-01,-1.220466349962385788e-01
2.708619768208180012e-03,9.886300003897681155e-01,-8.087931741067415636e-01,8.545576343041902945e-01,-6.917429748001089340e-01
2.871760911034766384e-01,6.306478198610467878e-01,-1.434424053122648646e+00,4.904030579453901306e-01,1.250233540554092304e+00
-3.361997105777864703e-01,-4.865995995889312864e-01,-6.856192791836868139e-01,2.923865809168706420e-01,2.276532798881421016e+00
5.085202071543690749e-01,1.967209224283916758e-01,-9.125944910815741995e-01,-2.459112411912026452e+00,-1.367379474706820197e+00
4.373467132939539148e-01,1.820869701837498189e+00,1.159350840259036897e+00,-1.744062098124316451e+00,1.953695852980158465e-01
-4.142616806094887583e-01,1.814403993766928735e-01,1.752957791059158721e+00,-1.919865113120452049e+00,-1.252266540768432801e+00
7.223530063532586087e-01,-8.150296171425943648e-01,-2.303495410718617853e-01,-2.505752841597452818e-02,-1.324810787735437145e+00
-2.116563471629857585e-01,2.242497532366358459e-01,-1.453838504709568102e+00,1.744397771136862563e+00,-9.727254246606600319e-01
2.516955564045170179e-01,1.493032559723596719e+00,1.334261454395965663e+00,-1.348977317347817673e+00,1.319305468542300908e+00
5.208402330955543835e-01,8.772480469657852886e-01,1.750751464979349858e-02,-1.521386035434456607e+00,1.426186171946019154e+00
-9.247509412314713906e-01,2.022774721286553223e-01,9.402541876173842184e-02,1.118983970087221280e+00,1.467306918122529336e+00
-7.562988230548455260e-01,-1.085029646989122132e-01,6.489262527955027560e-01,-2.112749349395146581e+00,3.444377624256686476e-01
3.643828703028733962e+00,-4.571504572955326084e-03,-2.094557840684951433e+00,7.469856356674198228e-01,-3.479230478188320985e-01
9.878180635052201675e-01,2.764433444059562817e+00,1.364475596100059640e+00,-4.323309560361239257e-01,7.987835992521281625e-01
7.174429535727431251e-01,2.958546213858264995e+00,2.821879131658329598e+00,-4.170702121661220119e+00,1.464791994935024988e+00
8.550624275222538095e-01,-2.627354420371870170e-01,-2.920750259758086997e-01,6.149303469386202536e-01,1.773234356080076068e+00
-8.412994593966992563e-01,-2.727240271276891725e-01,2.490768433837831641e-01,8.426945050101388723e-01,-1.109993427787699938e+00
-6.141778759467397819e-01,-2.636977499863921715e-01,-1.864516180478656526e+00,-1.713935665540671449e+00,-1.381937884923073678e+00
6.242329599271709828e-01,5.200877786976654954e-02,-2.533287075165598701e+00,3.651449881950485366e-01,7.615734777418212698e-01
4.503558188277974050e-01,-7.589400181623425778e-01,1.282857555651530701e+00,-2.018444203138304527e+00,1.899641258346123740e+00
5.548856664974066710e-01,-5.989898204367229972e-01,-7.998889065011560717e-02,-1.797424305596857952e+00,1.303623836987712004e+00
6.200978456143001472e-01,-1.272163010752153933e-01,8.163473497519460054e-01,-2.331826359150472872e-01,3.296507741654942647e-01
4.644364509258587237e-01,-2.248551349406658240e+00,9.953000443479338433e-01,-1.982094148712651771e+00,1.049798562274997016e+00
5.047972980593176118e-01,-8.823170655858215972e-02,6.478632767406869442e-02,-9.180885000393592676e-01,6.448444101422012853e-01
2.521412097409862163e+00,1.091390365268660956e+00,1.705761160996710268e+00,-9.518769377623490513e-01,1.034783231367982559e+00
1.500564807080560836e+00,-5.700405806550541410e-01,2.119643014914054824e+00,-6.452114332941805142e-01,2.220299685861834238e+00
2.232485222172227335e+00,-5.923910176678229833e-01,1.167586564179772912e+00,-2.795939042489881121e-01,1.935685126301237569e+00
3.712526031583001651e-01,1.436733134361160458e+00,1.026446073381677593e+00,1.071741113821206431e-01,3.048671328936488623e-01
1.969285971773615529e-01,-1.407305728077827833e-01,2.049136420593959951e+00,3.625764489549425651e-01,5.741053763360802753e-01
6.468893520051837154e-01,5.846544941363515102e-01,3.625934101077704086e-01,5.387513943213628753e-01,1.372529038134920887e+00
2.203785811206125711e+00,2.042852110621789841e+00,2.879631203509522841e+00,2.891873349485862388e+00,8.493181250823846895e-01
-8.094495105750754149e-02,4.837021438778991156e-01,4.074541588426463079e+00,-8.857734192295116937e-01,4.259771530351324387e+00
-1.650277102126214146e-01,3.634157709738163877e-01,-8.497422373856015065e-01,7.890451970022556161e-01,-2.120309190798572274e+00
-7.894291057362856634e-02,1.720388139606962685e+00,-1.195600393790955396e+00,3.376413466154544185e+00,8.966088056618255475e-01
1.510103215000773602e+00,6.500477090036002048e-01,-2.360235675959931445e+00,-3.486015737890376665e-01,-4.929180248204302339e-01
6.990115777077920978e-01,8.699834856592169041e-01,-1.083456707605767289e+00,-3.018057659893116362e+00,1.615519979553870833e+00
8.685732412479493236e-01,-2.711995192705817459e+00,1.958199454053976662e+00,-3.624116428362124109e-01,-8.605117872805652379e-02
2.187510866278939314e+00,-7.818299145175920950e-01,-1.276985274308286289e-01,-2.234703098595226312e+00,-1.242750105703266605e+00
1.207544048460299724e+00,1.640249444829757763e-01,1.071205886657786488e+00,6.657239289406042815e-01,4.350486549296772587e-01
1.030479471039962291e+00,-4.355388233693502364e-01,3.716124756704060506e+00,-9.615187678370495927e-02,1.171377177445688700e+00
2.920326067628953304e-02,2.669834935093810535e-01,1.855692717378495171e+00,1.673297703099120515e+00,8.376420272490755492e-01
1.461776915583693492e-01,-8.011124709967032409e-02,1.533068189673358672e+00,3.860390273342242828e+00,2.601577395398913417e+00
9.872220598611261000e-01,5.383069858440181488e-01,-1.372726751281528879e-01,1.219113534449071334e+00,-5.454767325391342014e-01
-6.677817516394530806e-01,-1.501076758496862951e+00,-4.702082818451623902e-01,-7.888553890359365495e-01,3.001481802185542058e+00
3.779389375065153600e-01,7.600576735661336292e-01,7.638194015064332376e-01,-1.150467128026760877e-01,1.344895959104544181e+00
-1.358969251672838274e-01,2.258075264703510054e+00,1.952870618975409422e-01,-2.948048670800543114e+00,2.586998203243839001e+00
-2.232649339432680513e+00,-6.273268575441134365e-01,1.790765732021672552e+00,-2.045442676063555232e-01,-5.690193771352068941e-01
-1.917419761661613986e+00,-1.510900392944410919e+00,-1.918496827867244736e+00,-3.289478554997016246e-01,-8.805241431640142835e-02
-2.516196994201707060e+00,-1.913014812501923068e-01,-4.831043020335587634e+00,1.169779748809343101e+00,9.494233401070527600e-01
-1.798592324072267434e+00,-4.436427170760288696e-01,-2.669222840365236937e+00,-7.491208531375925794e-01,2.057257631503919271e+00
-3.094863497257871465e+00,1.587047742240463410e+00,-3.233589424701314385e+00,-6.681449199670511874e+00,5.353062055515972473e-01
-1.900728180507280651e-01,1.061846360885935203e+00,-1.645704019219119463e+00,-1.975933853298010190e+00,1.331293595038092192e-01
-9.107841028403562689e-03,2.837868918205659341e-01,-1.929574422514301890e+00,-3.005758911767955510e+00,1.021529528165858736e+00
-9.165688989244402674e-01,-9.542609419784102709e-01,-2.653302168994163823e-01,1.070254229628222475e+00,2.156640609356715865e-01
-2.121331511025942529e+00,-1.927033281831469713e+00,6.899575201923926482e-01,-1.196518489419253317e+00,-3.995087936277488261e-01
-1.678827182264710949e+00,-2.404326290953483714e+00,-1.757296550597919227e+00,-8.694696632573720718e-01,-1.782767510985880932e-01
4.513816003140314059e-01,3.390763196960085990e-01,-1.379175183766462087e+00,-8.896345522202872003e-01,1.249149458677275337e+00
1.966517003322202806e+00,8.408649876683658153e-01,1.027346196500241282e+00,-1.744629003133824074e-01,2.416287245358124558e+00
-3.123151648167648009e-01,4.426847871482019192e-01,2.745610446505456270e+00,-3.974573607071065329e+00,1.202206327258661389e+00
7.884381139985912057e-01,-1.198214095880928642e+00,2.781869896172727508e+00,1.395481254951328909e+00,8.840109545510548283e-01
1.950503840942546141e+00,-1.681525569317008584e+00,-3.198998434396660429e-02,2.566876597978030805e+00,1.720561440427530897e+00
4.813239257951345551e-01,-6.051181923647254157e-01,2.019364401164029932e+00,1.730703122931617877e+00,-2.554345195823422565e-01
1.309533904070880217e+00,9.345756439443515529e-01,2.541698674702764782e-01,-1.969455965249200968e+00,-2.335742635639485698e+00
-6.970645445871356261e-01,-1.423707091039925654e+00,1.464661787297157236e+00,2.969531112600906297e+00,-1.597208369250518345e+00
-2.473890493824763004e-01,-1.020672060454537178e+00,2.359557056314958157e-01,-5.179103778321028084e-01,-1.787609142024693121e+00
-2.700946238891692719e-01,-1.506800550264870697e+00,-1.094633597298965810e+00,2.406461207037571270e+00,2.996654139127123972e-01
-4.646439205008376372e-01,-1.395302680277941354e+00,-3.178386017423970866e-01,1.933666976942425064e+00,-3.827810571618560420e+00
-2.045043423033453323e+00,-1.706818582300513532e+00,-1.598734988319238548e+00,5.486209891099863567e-01,-2.275487051424825768e+00
-9.236691034965949232e-02,1.390182280371770052e+00,-6.122183492483052270e+00,6.285551454643965030e-01,-3.711576689655461614e+00
-7.595237697113936814e-01,1.448567978914546917e+00,-1.622922055510158446e+00,-1.307111706147483510e+00,-9.430265737477934174e-01
1.256955377025619214e+00,1.474444260299768938e+00,-3.715141660833496395e+00,-4.931416116930776639e+00,-3.998571827819675795e-01
1.761428670587047662e+00,1.026137631271283324e+00,2.459629981241124419e+00,-2.263700586327469289e+00,1.815844280622540552e+00
7.025266644420296025e-01,1.521854426193800514e+00,5.375254443504733359e+00,-4.850905152967795786e+00,1.708643150506846897e+00
-2.569496991492725702e-01,2.309170046821654054e+00,2.079080674066066781e+00,1.763763775497229513e+00,1.093784210185561712e+00
-1.218167692804322355e+00,1.954519639379680207e+00,1.988053813630688005e+00,6.777416064405837659e+00,1.185111956580511716e+00
1.279890182293602185e+00,1.869668787048673897e+00,1.091489778351540041e+00,4.700248991721309721e-01,2.355715091928422655e+00
9.423964071678778698e-01,-7.537366138447399999e-01,2.826994038992550085e+00,2.164169171667215785e+00,1.274376228532370536e+00
-3.719240809445946150e-01,-1.266504046685745122e+00,2.036823418266944685e+00,1.141889541566609045e+00,-2.404889980708056374e+00
1.840929810881535733e+00,7.412872627070730136e-01,2.581698943471184560e+00,5.152663290469507551e+00,-3.290028237136088052e+00
2.966775848114145964e-01,-1.830275971449557004e-01,1.514371718045276261e+00,5.013978028049971059e+00,7.090702885808065625e-01
8.494720349235932444e-01,9.994876537766356206e-01,1.312845630160438093e+00,5.009424960327252485e+00,-1.179130619403598867e+00
5.118538162005327186e-01,4.200556254568059145e-01,-1.756933339941679328e+00,7.171318330948890374e-01,-2.366476940309333532e+00
-5.986832934927966976e-01,-1.384059542701219780e-01,8.080360399523445203e-02,1.234845628306425525e+00,-5.928496940481297051e-01
-6.110551082911436227e-02,-7.378948049330427694e-02,-1.506723057129606858e+00,-2.332212568260475516e-01,-2.701319201788206392e+00
-1.566478414145370035e+00,1.699853707479347387e+00,3.777989343525159915e-01,1.645498351400622061e+00,-2.033191556842941949e+00
8.372928089440012656e-01,5.657800874622096465e-01,3.334922605551059460e-01,4.788238466291616646e-03,-4.934249862227606531e-01
1.735627093680802702e-01,7.839132133524162604e-03,2.937220489092700060e-01,2.966425543010219545e+00,-1.767851253123424948e+00
1.015588697741716562e+00,1.911731477767560694e+00,8.433842340400782289e-01,1.015085960888470362e+00,-8.579552355495904115e-01
7.008924809542589340e-01,4.976578833079115527e-01,2.267380486947478957e+00,2.813412866068688789e+00,2.653885939086021661e+00
9.879320653306058464e-01,-1.029685946928482476e+00,-6.833351924141478628e-01,2.591919672769934291e+00,-7.945779456984523037e-01
1.961413068855299535e+00,-1.353351204166570454e-01,1.198111766063194805e+00,2.090848878501210262e-01,-1.647910782631255344e+00
5.204613901013568356e-01,8.072732654317922307e-01,2.663768504311678331e+00,1.960795143998447787e-01,1.784757979471997658e+00
7.304395967282160118e-01,-1.374690796167595597e+00,2.017896614873944561e+00,9.133158576966660114e-02,-5.641681905121069818e-01
1.458330247060260598e+00,-7.848968371608883166e-01,8.955230056097804869e-01,9.628300413723012152e-01,-2.507745702375875130e+00
2.876247305936072252e+00,-3.843966362088603317e-01,1.667046860432061184e+00,1.156857743725307142e+00,2.084823149936311237e-01
1.370084300200790750e+00,-2.416889939599577986e+00,2.726067927875584829e+00,8.088347313954399320e-01,-1.694924073382544139e+00
1.591029568221017376e+00,-2.688804896094066699e+00,-1.205112059727449836e+00,3.263698198706753484e+00,-4.208964650772682781e+00
2.724013240995389329e-01,-6.850627325287659275e-01,1.037871974116334250e+00,2.947475569066431156e+00,-3.873609081870537096e-01
1.107762479114892340e+00,3.477735845240704782e-01,-4.721937396583991697e-02,8.763055786056418439e-01,-1.540456487091940607e+00
6.547443597510360647e-03,-2.521737638983575280e+00,1.165543662627882338e+00,1.622627220404444959e+00,-7.810969247508429136e-01
-1.622921043940348973e+00,-1.007033152839607260e+00,-2.316924861632913002e-01,1.075916065902634333e+00,-2.632973156231673606e+00
-5.408791565773218846e-02,1.188844171079011192e+00,-1.916090148920551961e+00,3.425938676586882892e+00,-2.987117609357864190e+00
2.055548674635026551e-01,2.837567323786851503e+00,-1.180893695529114940e+00,2.618550584159524242e+00,-2.530986424331373996e+00
9.567943295184250241e-01,2.626924451242911296e+00,1.408150284186387768e+00,-2.794673887718253980e+00,3.706162202582246046e-01
-2.092623602674276717e-01,3.446063449020087432e+00,9.454701358814217027e-01,2.269658907896546562e+00,1.048913355887374665e+00
-9.953841698301979513e-01,2.058036025502571142e+00,1.589089039454283814e+00,2.755520276960456094e+00,3.158403843296934133e-01
-1.050695374784190506e+00,-5.753516352992633642e-01,-1.482186564159186259e+00,1.631091984865397526e+00,3.155925983816835201e-01
-1.421136801319110576e-01,1.617121075895849414e+00,-1.538085522118662674e+00,3.781856296356998826e+00,-2.246718682400539180e-02
-1.455089006094994142e+00,6.179302072727471673e-01,-2.205412668583273117e-01,-1.194880308756481435e+00,-9.421770306044110477e-01
-1.583071804062666565e+00,-1.811749570370730034e+00,-2.757682718060998184e+00,-2.486349438164305037e-01,-6.996681356374514493e-01
-4.324652069807237709e+00,-2.167372258003990027e+00,-2.752947419751094582e+00,1.255963129108346621e+00,-2.416309314429190280e+00
-3.293904335223614588e+00,-4.595728156601565639e-01,-4.798595113483920649e+00,-1.031313494897715621e+00,-2.406311549898335400e+00
-4.141553971062972295e+00,-2.089417732991507570e+00,-4.899647308427983461e+00,-3.347670027800349501e+00,2.855719580586947304e-01
-3.323156061912886372e+00,-2.230217010787453269e+00,-7.182595363081452078e+00,-2.153635545513391758e+00,8.562394947590479255e-02
-3.007740669927184918e+00,-2.989910559173592830e+00,-5.423835257536953947e+00,-4.560267846509486134e+00,-2.403034426670467294e+00
-5.264891739677604043e+00,-1.968559868981028860e+00,-6.437000490936443775e+00,-6.297049877729582690e+00,-3.409853834399032557e-01
-4.512376698906292560e+00,2.471982092156057575e-01,-6.644284002802057998e+00,-3.770362896212339443e+00,-7.278926385979247460e-01
-1.404222411697044315e+00,-6.944811288482615197e-01,-7.332104975397665036e+00,-8.918199124959922841e+00,-1.711048195707588260e+00
3.672117975402686696e-01,-4.224998921101264515e-01,-1.307301599089457422e+00,-4.794739345070661685e+00,1.113255565603178399e+00
-3.344141213775438382e-01,-6.014297251097479036e-01,-2.363444858496744905e-01,-7.165335899041594736e+00,2.123167150994095032e+00
-3.248538536925435150e+00,-2.149764189283909666e+00,-1.381623310593847131e+00,-6.840233155470313298e-01,-3.819765241257947475e-01
-1.087094712114448747e+00,7.030133959266129384e-01,-2.432659453580651387e+00,-9.660020891440954660e-01,1.384908557869886092e+00
-1.140628314100321727e+00,-5.979471720286146930e-01,-7.930059590099677314e-01,-4.635754162095591102e-01,9.820176126994313304e-01
-3.420861405010229284e-01,-1.795859253714215953e+00,-3.436498704274191240e+00,-3.287127231634309865e+00,-9.547881034238324682e-01
5.540538611689738158e-01,2.176601913039895031e-01,-1.932410780659542526e+00,-1.264160422587703447e+00,-1.937604864192882914e+00
1.413955702535334424e+00,9.910144122050588145e-01,-1.018845623832374536e-01,-4.026914625969961747e+00,2.999703280613486456e+00
-6.457916533938377057e-01,-1.674548468751130947e+00,4.061104201189232876e-01,-2.109087074792229011e+00,1.296355907270286378e+00
2.752041729558789562e-01,-2.968037972510189082e-01,-2.362591956622038136e+00,-2.618931997835016734e+00,-1.979451221276226969e+00
-1.481119844181140399e+00,1.461532810651678060e+00,6.992762568910459997e-01,1.696712866611612913e+00,1.915695428829495395e+00
-1.261624388914575290e+00,2.279324139911854452e+00,-3.983762605356668374e+00,-2.288547940543978587e+00,-1.997886592124604732e-01
7.066488959932810676e-01,1.004472440284774004e+00,-2.804979721495953982e+00,-5.519879080507217317e-01,2.173491944105566898e+00
1.214128359210343344e+00,1.521084509703794829e+00,-1.291036986264826103e+00,-5.289749381356434910e+00,1.825153701378105842e+00
1.802861295929427232e+00,-2.052262468402246132e-01,1.697485915703142556e+00,-4.025992980275452382e+00,1.119988591525255428e+00
5.704849597127698013e-01,-6.129870112270312532e-01,1.507860438622803390e+00,-1.195287510294402278e+00,-1.354807099140433513e+00
-1.809698640589586516e-01,7.331206212070286998e-01,1.335162623871939847e+00,1.043892785740690110e+00,-8.817093080917095538e-01
3.134630825550896449e-01,2.189093295534016992e+00,-4.184824047883228815e-03,-5.165026591917964982e-02,1.776199382570158303e+00
1.979434156038538672e-01,-9.370722992526756556e-01,3.164422107687254737e+00,1.810947075810818374e+00,3.660025178415835967e+00
-1.111544472250869386e-01,7.972331547274036367e-02,1.670515152677311210e+00,-7.233684502738433331e-01,2.246813562159825750e+00
-2.345865505127535666e-01,1.017836874829366189e-01,3.474315071193760485e+00,7.874159714525378329e-01,3.483141107884705434e+00
1.794238287135950793e-01,2.463430226012173208e+00,-2.645065524968734927e-01,1.172068480484267372e+00,5.456111625663422338e-01
1.421228834295264143e+00,1.342453261523276709e+00,1.523337306345162290e+00,3.456410868237088430e+00,1.573056224406899073e+00
-7.160141686302957664e-01,1.192513257932197313e+00,1.124970052625870576e+00,9.563573549095880644e-01,-5.625772351570024199e-01
-2.769397721802706602e-01,1.724028767919610017e+00,1.630104928055023050e+00,2.161879281542970155e+00,2.330583075892542766e+00
-2.106622431479671320e+00,-3.477133628482368621e+00,6.925716615263561859e-01,-7.555750137128338650e-01,-2.342491275611807477e+00
-5.158678111263181876e-02,-4.079737062061434827e+00,-4.514086495158704082e+00,-1.324468640576979661e+00,-2.424674655508588295e+00
-1.189629455720927931e+00,-4.826028903860569486e+00,-1.476800487152719166e+00,5.464535039376283709e-01,-3.522424778372027498e-01
-1.565605668735046141e+00,-1.122794946590038867e+00,-1.199145387510407001e+00,-2.886931166440204866e+00,-1.613461934780502149e+00
7.206644034705611546e-01,4.547841503607161773e-01,-2.479742492549041444e+00,-1.805142185157190493e+00,3.135873099924147311e+00
-7.251497219903247915e-01,5.235062941134955850e-01,-4.376120416018318693e-01,-3.243598257056616863e-01,-1.384933748572046541e+00
1.636021273299899992e+00,1.257357640394755061e+00,-1.337146492451806168e-01,-3.854395991759103968e+00,1.651339682417401367e+00
1.489115946742288532e+00,4.134049251182408957e-01,7.081094557188211125e-01,-7.875908154159354524e-01,1.388070276701762085e+00
2.711658163945210642e+00,2.155208826258057098e+00,3.190863741965065614e+00,-9.626985869300188625e-01,-4.734430302792473899e-01
2.124700702373120365e+00,1.024993081016796870e+00,5.656516658413229592e+00,1.354211953504535604e+00,1.515932210624192589e+00
-5.151636811998341337e-01,-1.107464286140539045e+00,4.409824379621107404e+00,2.934059149910356545e+00,1.779655701035233628e+00
6.364833895704145039e-01,-6.401484893494346906e-03,3.231395634813154949e+00,5.795097224432691263e+00,1.097882258109190712e+00
-1.949636722182879200e-02,-8.755061228090676995e-01,-6.610906738255616366e-01,3.687831521609092000e+00,1.345466110074795107e+00
2.040034950504741484e+00,-4.936509979090573652e-01,2.838900889018608709e+00,2.885630672338713953e+00,1.009209289425899048e+00
1.494709074831753082e+00,8.791238720539151785e-01,-5.352437015636777318e-01,-2.579532587712859204e+00,-1.181015666764514416e-01
2.713284456500165476e+00,9.385934261808601686e-01,1.723406196562686121e+00,1.541446032325447746e+00,-5.737066566569211101e-01
1.413772588276234865e+00,3.732404424716946334e-01,4.669062114973403510e-01,-5.791086466820827283e-01,9.127958518647174557e-01
2.977096125684636441e+00,-1.002006122342472327e+00,4.452338501993287068e+00,5.537539140403924254e-01,2.587853195111954996e+00
1.755937164512468396e+00,4.883703522735691749e-01,1.260357995365037453e+00,-1.620373909581293015e+00,2.006274887201508594e+00
1.677352673096852431e+00,-3.799026387850770181e-01,2.433072533345837840e+00,1.657944278596382492e+00,2.919236962284081360e-01
5.085621001257429885e-01,1.209129804552518284e+00,2.281094991232842872e+00,1.461817093472661533e-02,2.051772085659965494e+00
1.711091771741866108e+00,-7.758337375640467215e-01,-2.187470352762441728e-01,1.990202763898702765e+00,3.177597314662814476e-01
6.629543798287177436e-01,7.659889836058718648e-01,6.927409049563648669e-01,-7.077823798342637307e-01,2.480360355866106481e+00
2.397708490004084592e+00,1.476477232669831663e-03,1.198956526268884382e+00,-6.712241161257124222e-01,1.887546090399142340e+00
1.245894342225560836e+00,2.498617580999212162e+00,6.206805344497645649e-01,-2.306596965632741192e+00,9.457203182541356057e-01
-4.863568252906431688e-01,1.111847545384721414e+00,3.103283281522237758e+00,1.316636427462780867e+00,3.358337696576634723e+00
5.664960681796744613e-01,-4.537515389565978108e-01,2.334991637788927044e+00,6.200349221897013541e-01,3.193327928881699584e+00
-7.702208249863670142e-01,-1.673000537827770140e+00,-6.677649192452611571e-02,3.367143875258734043e-01,1.215365828777495438e-01
-5.208104380712242909e-01,-2.055511665039500890e+00,-1.410961234249890062e+00,2.487547360640345318e+00,-1.974269148065912027e+00
-2.216104904131976028e+00,-2.128040814592790930e+00,-1.892094507403420778e+00,8.262068318777123777e-01,-3.969925679315566835e+00
-7.972786278710980445e-01,-1.519363506850047507e+00,-3.034531714828633042e+00,-4.227297588487060054e-01,-2.877052215672322166e-01
-1.839246665844766593e+00,-1.100250964043606894e+00,-3.773517279905317601e+00,-1.260816680694069492e+00,-1.089189864251621120e+00
-1.702650123261659765e+00,2.960830420940260277e-01,-2.854869824079981466e+00,-3.715028971175210248e+00,-6.718769804688107250e-01
-2.654814263259127394e+00,-1.227504964633185258e+00,-2.665694144710093472e+00,-2.597917759316412223e+00,-1.531498469612345481e+00
-3.646640093436404051e+00,-2.699570652403714188e+00,-2.785761022218165461e+00,-2.887274645110223581e+00,2.675596152798089822e-01
-3.149947928175336642e+00,-9.333877444455881411e-01,-4.356067584296113182e+00,-2.448127784784207783e+00,-1.193476426110250177e+00
-4.189746257358026860e-01,-4.426303224903613831e-01,-3.211938860871764945e+00,-1.929226420776903872e+00,3.496742540423768975e-01
-1.408696979432403129e+00,1.285761431570003888e-01,-1.055185717799730138e+00,-4.888039719615401069e+00,1.025392122012657392e+00
-1.067190433306600017e+00,6.745516826906795549e-01,-2.614281682604217671e+00,-3.671911904057945986e+00,-5.356340124181362405e-01
-1.569979457119425659e+00,6.866802902666591102e-01,-1.920431545630967740e+00,-8.868765767191016947e-01,1.774471989999528931e+00
-1.933291470894780151e-01,2.084559315949335856e-01,-3.486759311219502777e-01,-2.995179716839039052e+00,1.541645436621567278e+00
-1.312740277644618203e+00,6.063926262056404948e-01,6.704925609079357418e-01,-3.806146758573349942e+00,2.518554421863053450e-01
-9.710753135677699932e-01,-9.524884510889077838e-01,-1.773827435309672129e+00,1.024249070164545472e+00,-7.572139904438617286e-01
-1.554494466970691491e+00,-3.974345813129873672e-01,-1.551387037235979260e+00,1.195399473272984459e-01,9.590550474396184466e-01
-2.645138537739216478e+00,-5.412392365437972419e-01,-2.652754217820254556e+00,-1.170860592571789649e+00,1.155282140773408628e+00
-1.148762901430518291e+00,-5.498747678213012913e-01,-3.292223018539081725e+00,-1.386910036287356540e+00,-6.316709838685487244e-02
-9.802445058333014716e-01,-2.316057958127064609e+00,-3.972289237635733272e+00,-2.126806494232574174e+00,-2.480390215402773713e+00
-1.518094113202263395e+00,-2.569894509773682501e-01,-3.152921049496129946e+00,-5.215925898828342788e+00,3.633678536064246511e-01
-4.876022686969854192e-01,1.481841680765416003e+00,-3.173779194337223775e+00,-1.612815623834968459e+00,-5.543865042420305089e-01
3.215878834837430089e-01,2.280913719758456693e-01,-1.836036933165381857e+00,-6.434392869932651138e+00,-1.363521248515586537e+00
-1.053314277467449767e+00,-8.268501234302563230e-01,-6.502135614083757176e-01,-3.058760015949276934e+00,-3.802081006021647891e+00
1.079198310867701460e+00,9.780073444756337553e-01,-1.060784801065755012e-01,-5.401839356201441067e-01,-2.749300171302049289e-01
-1.430570545302136121e-01,1.037158023389515460e+00,6.371230633165225754e-02,-6.571412286258774271e-01,4.645702065099525657e-01
1.416616928486130300e+00,1.089788133721543595e+00,3.560072342935530543e+00,-1.026731182753118921e+00,-2.211666882227399711e+00
-9.678754314686506266e-01,3.646198766033930561e+00,1.627282868122155390e+00,8.060832204835767234e-01,-2.532075609683127837e+00
-6.074548337339894521e-01,1.629826537599110114e+00,1.838369470404907391e+00,2.722279021838598378e+00,-8.891723869159166016e-01
-9.879990869019017463e-01,4.468321224070099795e-01,1.787820943223292991e+00,2.739111449410154719e+00,2.804807140093563689e+00
-5.874889960237614783e-01,-2.394433342968422251e-01,1.136888036192567064e-01,2.011129009039442472e+00,-9.753140097728509872e-01
-2.225292696032358020e+00,7.413665537312774667e-02,-6.964056260103536067e-01,3.868385200937819235e+00,1.086956692930485247e-01
1.081670773463237478e-01,1.724163516396352014e+00,-1.210014932195881521e+00,2.665237245735402993e+00,4.904782736394305287e-01
-1.943431534365751556e-01,8.657296685291824279e-01,-6.934870521558011980e-01,1.429694667519886719e+00,-2.933555609207478820e+00
-1.540001318563152699e+00,-2.380772858824505844e-01,-5.732225765411192997e-01,1.650055661017824915e-01,9.061585090849806345e-01
-1.739673656109049560e+00,1.509358049787417055e-01,-2.607774356639372293e+00,-5.670988970132517792e-01,-1.203797348301447689e+00
1.084626451978066841e+00,1.193416360738383253e-01,-5.393290571821333756e+00,-1.898570224294143571e+00,-3.166075842609531232e+00
1.991664202796946670e-01,1.587776482719676974e+00,8.425964169102628798e-02,-6.637444985744089809e-01,-2.915021579749192959e+00
8.990807937667393279e-01,1.283388564538470611e+00,-2.159406891416648655e+00,-2.930637050045793224e+00,-2.903024086669760528e+00
-2.069602829597097515e-01,1.744526591172789409e+00,1.415654739257303563e+00,2.055456060583227273e-01,-1.249675351866766260e+00
2.039179437728597666e-01,2.061368092298893728e+00,1.309424613825607375e+00,-1.718669737829068289e-01,5.340641830610697305e-01
2.750767469973167678e+00,8.121972238299104419e-01,2.357000033897218572e+00,1.809082024948179823e+00,-8.540288770131416740e-01
3.336580094551433451e+00,8.525729924285597727e-01,4.845487238652538942e+00,3.077237862682808078e+00,1.796358351317192126e+00
6.633013749386482694e-01,1.155875313222019862e+00,5.858150180324966705e+00,2.585418949119453025e+00,8.551583269350293559e-01
1.175027858063410369e+00,1.689956095648013745e+00,4.398736810062813696e+00,8.377882147098119070e-01,-4.747075191040054376e-01
2.751497454563176515e+00,1.628495778779061709e+00,3.947710700804615058e+00,7.325080389656394075e+00,7.921911914829050660e-01
1.444713374878046519e+00,1.401195697118601924e+00,3.650555599968197118e+00,4.945266017723286112e+00,1.308929524237274045e+00
2.426099204246183749e+00,1.688203388785304515e+00,2.088371514504861359e+00,4.429707924205971814e+00,1.567409896143150405e+00
2.386053299102824710e+00,2.110123304129271293e+00,2.286947749761761184e+00,3.583832622828208692e+00,-1.069177019283053642e+00
2.863774079038973408e+00,1.879790757322615802e+00,3.012031235111230387e+00,3.578203542621380073e+00,8.579810307170081529e-01
4.854442021591482970e+00,-5.437548146050303899e-01,3.583254669361859435e+00,1.754197858566236334e+00,-1.129613457174266644e-02
1.830413211857734090e+00,-9.034728883807197075e-01,3.286606317906660912e+00,3.692806939726620108e+00,-2.181779597496120271e+00
2.101179022986586986e+00,-1.042590448366123468e+00,5.389900598224034667e+00,2.679980071833715893e+00,-1.447830396066017489e+00
1.233879771196384256e+00,-2.257375614598680524e+00,1.663276330914437828e+00,6.026984655500688959e+00,-2.230910362585758477e+00
-1.951148064068286558e-01,-1.550167934292570049e+00,1.065543504392707730e+00,4.910455241473977495e+00,-1.954995486354143441e+00
1.558477277162624075e+00,-3.681309985655542016e-01,1.211078565472285096e+00,3.815625999142694624e+00,5.910599345329003995e-04
2.388878429063379105e-02,1.194062705014160009e-01,8.425373919454255400e-01,1.212933521494505618e+00,1.178401712031276860e+00
1.441223151078821818e+00,6.968841401334594510e-01,3.908050916821174781e+00,1.376642369186434678e+00,1.515576642948249120e+00
8.938410831888109476e-01,-7.074560588193541388e-01,4.372773607172355526e+00,1.267184032800339200e-01,1.299148237899213187e+00
7.017843617545634904e-01,-3.031843959490564955e-01,1.635458705195598217e+00,3.150762362718661613e+00,1.665483536760713479e-01
2.065687769094172843e+00,1.759495097467513647e+00,3.023148172385011101e+00,3.057508061681413203e+00,1.025355676374503977e+00
-2.431491963517308785e-01,3.174691744998766829e+00,2.369235363967912456e+00,-1.717642170947506486e-01,1.306990551521304056e+00
1.165237497781882237e+00,2.250467209076808750e+00,-9.723806089039697120e-01,8.382786291101895770e-01,3.646281728869404937e-01
1.274671963718270407e+00,2.563348011374255275e+00,-2.836425761555134706e-01,1.514021453039597898e+00,2.057888097564265273e+00
-3.387302525411373111e-01,-1.040810230782538426e+00,2.241085376429150955e+00,8.317909348355341237e-01,1.707419689319008782e+00
-1.655217632043220588e+00,-1.388394010620745744e+00,-6.284141707146896350e-01,-2.065149780705142213e+00,-2.548195141725384527e-02
-2.457544620010008174e+00,-1.403218959789032771e+00,-4.403531029901088800e+00,2.587453337885120330e+00,-2.461379301824523580e+00
-3.111471768569661123e+00,-9.906021480315960748e-01,-4.441273729495359035e+00,-4.658471119364233637e-01,-5.361819556396307807e-01
-3.813577075502351477e+00,-2.828910748172547507e+00,-5.248609296622319675e+00,-3.162159159134997566e+00,-2.548107700214426785e+00
-2.930163278112738912e+00,-2.013069480718864490e+00,-7.184181038767553318e+00,-4.615536176481013442e+00,-2.291869962302619079e+00
-2.119825025018543307e+00,-2.509968833370699315e+00,-4.838054074710802510e+00,-2.427623299965671055e+00,-6.208849774763890439e-01
-2.759972608803493710e+00,-1.266199757884564070e+00,-4.860071850431042506e+00,-6.969167478207870303e+00,4.051807690182145372e-01
-1.705609719994577000e+00,-1.342878761803634191e+00,-3.310937910013592056e+00,-4.134595029961496415e+00,2.532559781338160398e+00
-2.089194091483784987e+00,6.156948136631423818e-01,-3.324930667796571537e+00,-6.880846366044224283e+00,3.401449718768573938e+00
-5.689470150672855109e-01,8.719987432586058240e-01,-3.881481383670120078e+00,-4.098684127345896933e+00,1.896055996936131693e+00
-7.948189325648478132e-01,-1.529359352993813426e+00,7.764840187379413727e-01,-5.310985853803665613e+00,2.204951145952958047e+00
-1.322533340101906596e+00,1.389115111957881954e+00,-1.056744495571983578e+00,-4.315626727148189623e+00,3.819895823038176319e-01
-1.816952950508097464e+00,-1.718627267055344188e+00,-6.612576600300792418e-01,6.326147809535616062e-01,2.893791801976350331e-02
-1.847543118272900298e+00,-6.212959085138122228e-01,-3.593568164019212308e+00,-1.063156122461044850e+00,6.524477169941071686e-02
-2.304559583852394400e-01,-5.239868193459795709e-01,6.957784356167900919e-01,-8.907124778211931160e-01,1.004774440270169045e+00
1.639423448164167851e+00,1.335722194586026923e+00,-2.050176433759080208e+00,-4.125251186879837384e+00,1.233655223635827802e+00
1.219180445729051598e+00,3.495191504424256523e-01,2.101919170730766062e+00,5.743456706038829740e-01,4.657955685518242461e-01
1.104951896523612032e+00,-3.363215413723317226e-01,1.906524411754823900e+00,-1.881430694217967492e+00,2.258884500974982945e+00
1.498907839816615573e-01,-1.394994637357731992e+00,1.878542132846717783e-01,1.671132877960651575e+00,-3.283067907548403719e-01
1.173185906873730255e+00,5.279798030233786577e-01,-1.339032767623994591e+00,1.471162104467477638e+00,-5.002652109431154903e-02
3.350354581502825724e-01,2.872621889906237680e+00,5.219365100581003780e-01,-1.995298630711664689e+00,1.668691886482321918e-01
1.876451761652510264e+00,2.720283410633345333e+00,2.506285506760705495e+00,-2.893481322902339059e+00,9.533682164222234690e-04
1.358810407912070861e+00,4.083438956570415446e-01,2.292709995085658647e+00,3.019524739491160625e-01,2.132704454583545850e+00
-5.640827913945345440e-01,-6.912752667329620238e-01,8.908267755502796703e-01,2.193920364413272095e-01,9.253070533533118702e-01
9.352108024748704285e-01,-6.290341115896049828e-01,1.805630648766472168e+00,2.225726286833153544e+00,2.811625539209664737e+00
-2.339457784017334063e+00,1.530874973626235480e+00,2.257146076667730039e+00,1.931788980639961073e+00,2.317178103167211400e+00
1.855422539161250883e+00,4.051189651328118702e-01,9.779272756125172439e-01,2.654253839214584687e+00,3.083958975201881447e+00
-4.712432802805687215e-01,6.190166581148994762e-01,1.207729724231887847e+00,1.493775399868416454e+00,1.342770084165236133e+00
-7.158381935607863733e-01,1.128430898457355447e+00,6.661152782283839002e-01,7.720793087201929250e-01,1.096390881870747291e+00
1.355705096878951021e+00,7.263131739131242215e-01,-1.399287781384117801e+00,1.121902046451646262e+00,1.784236920322593845e-01
4.251406668084937168e-01,-4.340398751374183739e-01,2.001124734533320293e+00,-6.105430374666825921e-01,2.023732789825361866e+00
1.649213878351885043e-02,-2.106753373074309099e+00,2.619857929950059727e+00,6.572765451820785643e-01,1.766059127747855673e+00
1.735685653338336243e+00,3.277438470567374251e-01,-2.416904689286238916e+00,-1.777638493055968549e-01,2.092908018168093687e+00
6.434179938176998181e-02,-8.447201388976431913e-01,8.245741221340283644e-01,-7.129954295577711765e-01,2.944374187045570412e+00
3.537176862230130281e-01,-7.278652741884674704e-01,-6.575548241661823834e-01,-2.505440296403328659e+00,1.177557225090452464e+00
-6.376272907461174588e-01,-1.274426145257646414e+00,7.650963667481180952e-02,-5.529916759506579016e-01,3.603471226083150292e-01
1.423998050159725803e+00,-2.444368035258255745e+00,-1.920893475620828461e+00,-2.040882262716292583e+00,6.340956030530771059e-01
5.718825267769007681e-01,-4.271351767236208907e-01,2.708583761804460588e-01,1.616705331176737870e+00,5.278398148587384320e-01
1.031771979393157013e+00,8.964549759236780657e-01,-1.124917157206469565e+00,-2.280238367284223244e+00,2.170006687640264609e+00
-1.168452021499990723e+00,-6.636794674397020755e-01,-6.540234256210395447e-01,-9.324916493353233582e-01,1.648471275085327870e+00
-1.491153433892540070e+00,-1.560549153870977257e+00,-1.712606470973997208e+00,-3.051230589782540470e+00,6.103157490711494937e-01
-9.382369564907937498e-01,-8.963114833259024916e-01,-1.084154264081225172e+00,-1.690334038683116269e+00,2.676551731420538260e+00
1.620197024508955863e-01,1.152358168323373899e+00,-1.737323295909514398e+00,-8.271247700546116022e-01,5.368247140077908597e-01
2.707889330111445947e+00,1.784580759532120586e+00,6.721149597479554316e-01,-2.871354870986233543e+00,7.570467276999278683e-01
-4.169451853285093268e-01,5.315209828782321289e-01,2.842795679821447763e+00,-4.036401601767868108e+00,1.938763360855251472e+00
2.398535847226542117e+00,1.245671384127124526e+00,5.396311526805662728e-01,-1.658992621607930040e+00,2.750875968587739528e+00
3.123259036249192544e+00,9.858036174919504457e-01,1.606072838514325474e+00,1.314335473900260620e+00,2.607171955067797420e+00
6.425358343505089831e-01,-3.736759094772905687e-01,6.752687397253580137e+00,3.681151413647918424e-01,1.286444639603490092e+00
2.052721370719451599e+00,-1.822686315312970207e+00,2.490126134784602208e+00,6.881788536438852022e-01,1.033200332502886454e+00
3.784906734223164038e-01,-2.707438012390830373e+00,2.406668664604383889e-01,6.366069755686796228e+00,-4.112441398284204297e+00
-1.670672709472372786e-01,-2.975050538124745181e+00,-1.820536305267357768e+00,4.244790493238093099e-02,-1.488334447852050602e+00
-7.784827602096594523e-01,-2.571462723974575759e+00,-6.936648639272915418e-01,8.015021324538860181e-01,-1.891529400995549892e+00
3.259433392547305353e+00,-1.351934835042605476e+00,-9.767224790048126826e-01,-7.932839098769713937e-01,-1.473581978953026617e-01
3.365802027604404500e+00,-1.280975509189548944e+00,2.227460971090780895e+00,-2.093485770678288560e+00,1.557810194770611334e+00
1.046523132656658195e+00,-2.508116845065261113e+00,2.944071435590158270e+00,-8.864957883608408640e-01,-5.675755516398381939e-01
1.466159712866514475e+00,2.460343788954545696e-01,4.420391574325579498e+00,4.262138122652592287e-02,-3.377197802116094771e-01
5.155386154119202535e-01,-6.564183700988182046e-01,3.582348048105295391e+00,6.164427457749399597e-01,3.129581780379376177e+00
3.009548160195016919e+00,8.226348605637104905e-01,2.428204067837224311e+00,3.103906737451136433e+00,2.750639479066922188e+00
1.441403155857064355e+00,1.302864429618903586e+00,6.167707135675347452e+00,2.051266289075105220e+00,1.872313471757228287e+00
1.503230640297316567e+00,1.104979039425458831e+00,4.198070774891113466e+00,-1.810487263376167055e+00,4.645950621008111625e+00
4.455713423132123818e-02,1.109945487970296796e+00,1.724212132090320981e+00,3.699111484639494130e+00,2.841811284837788776e+00
-3.076633718421070807e+00,1.078590928809858740e+00,2.234228809127911219e+00,1.650935510000324236e-01,9.295357197709358532e-01
-1.703926705663573626e+00,2.042345318924643771e-01,-2.761038653097386941e+00,2.243062294694273984e+00,1.608523957676217364e+00
-7.019023496017876562e-01,6.018656050420942427e-02,-2.231655688620281186e+00,3.109908043476556472e+00,2.783134863207226584e+00
-4.035131458137833249e+00,-1.626935891173380888e+00,-4.634814524128109126e-01,-3.686173111076608055e+00,9.617190914987395756e-01
-5.071553818643712574e-01,-6.429641434572085368e-01,-4.833284046273450762e+00,-8.296671765841072688e-01,6.321345019244404284e-01
-3.953929658618855036e+00,2.098147606667176035e+00,-2.562613226245160636e+00,-2.495053648439129468e+00,1.409000876421110160e+00
-6.532377463580378851e-01,1.764020994958303223e+00,-8.336832939084377614e-01,-2.271659975784239727e+00,1.481292808150661555e+00
-4.203490254609000942e+00,-1.070789964467979027e+00,-3.429672794374137190e+00,-3.017982016654908950e+00,6.659326667901455110e-01
-1.451104613917791220e+00,1.099254354440692971e-03,-4.155113849481264943e+00,9.995048566060357187e-01,1.970107372176210792e-01
-2.061159850581430142e+00,-5.495908688370865214e-02,-2.402095947529830688e+00,-2.554404698879162439e+00,-9.565716095746681358e-01
-1.113833685897730685e+00,2.039751908753263399e-01,-3.131570975331224638e+00,-3.529745517736652793e+00,4.067940545174792533e+00
1.260029098294937366e+00,2.550795319309536069e+00,9.837837418537491718e-01,-3.205004339324426077e+00,3.225149023454724428e+00
-1.620057596063683381e+00,2.214112724993713144e+00,1.424343974416668157e+00,-3.404622692828933150e+00,1.812792851387145632e+00
-8.543530096203360014e-01,3.176022000396567346e+00,-7.247450807282314056e-01,-2.396428130177492566e-01,-4.492905514096117714e-01
-4.422891444787091508e-02,2.163526544133198559e+00,5.132316017148805254e-02,8.861338503547899759e-02,-7.405959108990103346e-01
-6.034381118112475129e-01,1.351297071235680214e+00,1.955274425252413240e+00,9.920209509315836005e-02,-1.027717505568613410e+00
-1.438615681800138102e+00,-6.186454219748405148e-01,-1.586793498443498152e+00,-3.045672840565061268e-01,-7.266057091891244824e-01
-1.177299136065157459e+00,-1.049064375611510891e-02,-4.847761331980414923e+00,4.802131225508571077e+00,-1.670293976873127306e-02
3.762582711696154658e-01,5.091691677142310413e-01,-1.542348105300333394e+00,-2.250752154044900699e+00,5.792095320436835282e-01
1.066883411663697157e-01,5.398652239422832011e-01,-8.783425115846598130e-01,-3.959849906776050421e+00,5.587811016740610315e-01
7.614797042902883284e-01,7.212113538743500918e-01,2.638509210336610344e-01,-2.637182534970865078e+00,-1.961756659104381795e+00
2.831884896227521153e-02,-4.359420003078234851e-02,8.073308840271151698e-01,5.933023682372939867e-01,5.152423750046604134e-01
-4.870160966797146829e-01,-9.872636847401304871e-01,3.402116456986712945e-01,1.527526887967021407e+00,1.112744529452981190e+00
-8.488773482261453562e-01,7.021105722356600909e-01,-1.437915382849986878e+00,3.472328223486853549e-02,-1.318377154609538859e+00
6.006509229398686589e-01,-5.157375513005832968e-01,-7.990624414945793896e-01,-5.334328179698345496e-01,4.489449096814577822e-01
-6.560354888323765010e-01,5.706222190227182578e-01,1.233142829695696108e+00,1.093485467038324277e+00,1.811840334688993970e+00
3.730784019195147572e+00,7.403596155921170485e-01,7.301764960183332320e-02,-1.655468811121708184e+00,5.105219675771748289e-01
-2.979280249390559021e-01,-6.259905492508266445e-01,3.612478411802903189e+00,3.454522312458246924e-01,1.156506194139210519e+00
-2.231974266246125604e-01,-2.634581798014833165e+00,-4.942055210483364824e-01,6.730499027215895991e-01,-2.549554089729653583e+00
6.767023099797611074e-01,-1.794999281096486321e+00,-2.274162154185904949e+00,4.206007373075872025e+00,-2.577872951544804003e+00
1.003063307906405743e+00,4.126465715884664598e-01,1.151790288922535099e+00,1.047710288045833993e+00,-3.815914317251171139e-01
-2.338653287587385776e+00,7.007838609326153545e-01,3.647365430683022325e+00,-2.563155160562560209e-01,1.459046581962297751e+00
-1.327445828067257860e+00,-8.157755128792327781e-01,-1.966482473021669009e-02,1.065106828703438868e+00,-2.568550055010281774e+00
-1.332060627677124298e+00,6.704664804655346977e-02,-2.788709095086229439e+00,3.470664198889811036e+00,-1.380384789403312107e+00
-7.920247372042114042e-01,-1.886729697532213201e+00,-3.762533167703157044e+00,2.420067977443258300e+00,-3.394163018610329097e+00
-2.669011117255614352e+00,-1.380889489961842354e-01,-2.843357453798438517e+00,-1.954446721359019534e+00,-2.162815006100116122e+00
-1.990864007731611429e-01,7.910875384713952352e-01,-3.213612398338743681e+00,-1.793405916567139657e+00,2.403928389480611827e-01
-1.716452568028948189e+00,-1.675865800682771134e+00,-2.671220969149276314e+00,-1.191654626361368319e+00,2.942996068226873957e-02
-1.284851555149886249e+00,-7.868432435982858353e-01,-1.678442074777844795e+00,-2.450716547515684240e+00,-1.370649664894926456e+00
-5.702246502036580900e-01,-5.436513149860631167e-01,-2.792350149159863015e+00,-2.366956802192789588e+00,-2.216020780496601450e+00
1.471212784368591375e+00,7.165854621377208966e-01,-7.649712454438832854e-01,2.833798664200889439e-01,-1.238478649342146909e+00
-1.272431859710902446e-01,1.539209850632822896e+00,1.538239170233073771e+00,-8.000763375263262311e-01,2.290372041562519723e+00
2.190514123754701004e-01,1.927718382531640184e+00,4.942454280699021929e+00,-6.560667145347360840e-01,1.580680410270998149e+00
2.850689797864699671e+00,1.555143915817353673e+00,1.989045127188583173e+00,-8.826277088461376152e-02,-1.180351685177913446e+00
6.039681876786436865e-01,2.514716919387642413e+00,2.654039999979298958e+00,3.296586802294254159e+00,-1.718513500852492104e-02
1.675050650435598421e+00,1.786397159073121577e+00,3.901532754515005141e+00,2.697063039321780931e+00,4.839759908381400244e-01
2.864462030720712704e+00,1.980685050311060236e+00,2.062813992750096581e+00,3.294585820200908177e+00,-1.985071624929116041e+00
3.352289689942476780e+00,3.429904756183257852e+00,4.432199339326280629e+00,4.874431678285180425e+00,1.634192749687823909e-02
3.070516737996829004e+00,-8.909337260541383419e-01,7.104773399215691398e+00,4.566830382756919882e+00,-1.186373124595982986e-01
2.959192733676624165e+00,-1.367924268241364594e+00,2.484883096402644043e+00,4.024587899109692835e+00,-9.823878482050301120e-01
2.175727251829221220e+00,-1.040278989686756805e+00,4.780839416918840179e+00,6.847142879632814427e+00,-1.873394402880131482e+00
1.443004078352324804e+00,-7.963098026501685966e-01,1.886424910274708600e+00,5.531991051566274020e-01,-3.059759124120696727e-01
2.883400803933631629e+00,-1.736814619454593478e+00,1.033025905306200753e+00,4.017603317227778525e+00,-6.832529984170281345e-01
6.321675946374054611e-01,-7.744075758591121295e-01,3.012005958234983627e+00,8.978333283893102923e-02,-1.506375370838087813e+00
4.086118510440452933e-01,-4.589685296260848091e-02,2.752389831184403057e+00,2.163198013141004683e+00,1.127985540288614918e-01
1.155259122479624034e+00,-7.682550594869763660e-01,1.922693643561075305e-01,1.597479031188176357e+00,-5.058266344593442820e-03
1.749274186618714755e-01,1.980601294034170623e+00,-1.009657102122434758e+00,1.667973654488397184e+00,-1.342303517142625191e+00
2.174619967892770234e+00,1.545051934300548213e+00,5.859112068820082619e-02,1.701230676239909867e-01,4.157828061114409168e-01
2.840627865313506639e+00,2.080670604960577652e+00,1.965490937951955397e+00,1.767475779316223017e+00,1.701561293117491713e+00
2.882544969870855844e+00,2.128642478592159826e-01,6.124082005546072516e+00,5.763307070038977686e-01,2.397579592538046978e+00
1.177023219301037038e+00,8.698886493119297736e-01,4.582044203448752739e+00,1.937585198518175567e+00,1.576064821569362673e+00
1.636580572105212905e+00,1.214920443560607133e+00,3.059904453519482814e+00,4.900491584711398119e+00,-2.669261894612106722e+00
-7.582946088391386841e-01,7.478767817290961073e-01,1.330535512422404532e+00,4.818949317831919821e+00,-1.775073501840292778e+00
-1.654202693559198023e+00,1.606914842401330756e-01,-6.962261804619402916e-01,4.552245316624207838e+00,-4.829704406311580711e-01
-2.039568495347479082e+00,-1.339014521211261632e+00,-3.414568077067420937e+00,1.217418459116702767e+00,-2.513284872116611002e+00
-2.155949046266971703e+00,-6.660142429449171786e-01,-2.347222718208041403e+00,1.412851187432468958e+00,1.051514906636892288e-01
-2.235229589368980196e+00,8.380372161630937899e-01,-3.628655866645723371e+00,-3.861345692436127131e+00,-4.065703004737719617e-02
-1.507049117845876030e+00,-1.237746266501038361e+00,-1.425763601605868347e+00,-8.296358368279048712e-01,-6.206733832718788202e-01
-1.280530894985881130e+00,-2.505609233491939314e+00,-4.426915428473873426e+00,-1.785510787103587349e+00,-1.881466266648950780e+00
-1.204402935313826806e+00,-3.629680909218613305e-02,-3.232962970291254123e+00,-1.108354013305479890e+00,-2.811259704680324489e+00
-1.946239885156552329e+00,8.942289831782708198e-01,-2.466522895030812013e+00,-2.151002772304133615e+00,6.106833027664911873e-01
9.925783687702633973e-01,1.599002431084022291e+00,-1.502824757722117877e+00,-1.197874644204088179e+00,-2.582818875004991632e+00
-8.223594562557627885e-01,8.089248975207370407e-01,-8.816374170504174268e-01,-1.309148878047134756e+00,1.718115563157510683e-01
-1.407113456047680788e+00,-1.199681655002637903e-01,-2.395634941726842548e+00,-7.890692535574355126e-01,-2.394490510672694583e+00
1.969917156133173863e+00,1.361388139992817603e+00,-1.261901106898007940e+00,-3.429430702426542688e+00,2.508374802473762433e+00
-2.017405563042283578e+00,1.337300542965489614e+00,3.338536621261738446e+00,-2.530011486997080894e+00,1.693178381857396664e+00
2.650528940168570102e+00,6.535082234662645817e-01,5.913333766944783854e-01,-2.626015324275933427e+00,1.065487576797304214e+00
2.821415059305432682e-01,-3.601763109007456443e-01,2.050040824453953192e+00,2.496727036324646321e-01,1.328415578638895145e+00
2.368087702262541061e+00,1.652509409905936311e+00,1.239392877924379688e+00,-7.121138980145182984e-01,4.509379097123098479e-01
-1.505817581035210129e+00,2.099394894306230164e+00,5.012646990434946659e+00,5.532583561393540350e-01,3.485723847796311503e+00
3.769642667605282993e-01,-8.080611188583695093e-01,1.567205090297864256e+00,6.537543977918549576e-01,3.725626111470880186e+00
2.515814662966263660e-01,-6.136653492141420640e-01,6.575504763317601142e-01,3.633094609491768434e+00,-4.782127439487855458e-01
5.620271009866507628e-01,-1.239540196976525843e+00,-6.703811270413584378e-01,-1.160854332320816695e+00,-4.037510321680385372e-01
-1.390492342072823018e+00,-5.815148519228311441e-01,-3.204440458311280659e-01,1.028510488500043563e+00,-1.547805907284740989e+00
6.056148175385523968e-01,-2.770072886114712807e-01,-9.310226821889898696e-01,1.431721389447596637e-01,-3.777609647054629427e-01
3.037311734999857959e-01,-5.233547374498790372e-01,-1.321155732215881118e+00,6.262777755215729325e-01,-1.123816463941376576e+00
-5.794990246750447715e-01,-7.331885039567416218e-01,-5.518079353518214880e-01,-4.997462686309138147e-01,1.632754217683474174e-02
-6.891540771617162831e-01,-6.726445749017495590e-02,1.641679020344592566e+00,-9.011176480603028116e-01,-3.196423338587466301e-01
-6.117859326514381302e-02,1.478758706315460136e+00,-2.635186259617620652e-01,-6.798409166507169976e-01,9.010606215074159486e-01
-1.459722992514256079e+00,2.308448725432386439e+00,-5.793361862704472509e-01,2.385419025675211024e+00,-1.011370696791219048e+00
1.084136131668881564e+00,1.036491117192279265e+00,-2.227607055306546791e+00,6.898107037482285042e-01,2.246475770787624171e+00
1.041146901734651742e+00,1.269818941007595514e+00,1.524219998720524494e+00,-1.994517089900932127e+00,-8.581756274098018000e-01
8.360406691752926278e-01,-2.959731434558392493e-01,3.318810456231371386e+00,-3.086229204173691620e-01,1.792187115808512310e+00
-3.563112706149262898e-01,-7.969498482128691830e-01,2.485552034665104326e+00,1.203186730919404646e+00,1.586406948371178904e+00
-4.478684526899812113e-01,-1.802879234267898534e+00,-1.228202524278346974e+00,3.773501572987991270e+00,-5.427359309160209033e-01
-8.692142026762055274e-01,-6.281176445648009032e-01,-1.340214389369015491e-01,2.270628036791549231e+00,3.524578967819204101e-01
-2.780861986800828856e-01,-1.192590519386838022e-01,-1.675620509021219728e+00,-7.192836220531989566e-01,-6.684287809081397302e-01
4.234936459866512903e-01,5.711481640798188320e-01,-2.184690307472517468e+00,-1.326536005823661712e+00,6.910846002555296463e-01
-3.597706563774648036e-01,-7.612666332306905481e-01,7.673730488712864339e-01,-1.282225315454427861e+00,1.023571977149763779e+00
4.189855354332074899e-01,-1.968739242211917428e+00,-3.213760272330548950e+00,-4.044563540965185666e+00,-2.021702098758457744e+00
-3.721713714898663428e-01,-2.007453548227631224e-01,-1.308889238396703902e+00,-9.586796937842870792e-01,-9.158424976503686255e-01
-8.135350948552063644e-01,-9.122161979573735202e-01,-1.785513873114053851e+00,-2.526199994901386692e+00,-3.187958137303646966e-01
2.905598058115484994e-01,9.372135503384037003e-01,-2.194329985016616025e+00,-1.289809308702492885e+00,-1.460763131887890420e+00
-1.478576551310550879e-01,2.494663259849111192e+00,-2.096856847985058836e-01,-3.101070076614210969e+00,1.320771386666050873e-01
1.950928077348744294e+00,2.962003440107178420e+00,2.225429506898313203e-01,-3.249690867332767130e+00,3.476912407730457399e+00
2.432978024391098337e+00,1.630506215099339684e+00,2.890322600825621535e+00,-2.712787886662284098e+00,8.323353731560745317e-01
3.644300216356990862e+00,7.891621558965005168e-01,3.908438046901280050e+00,-2.384814014414753380e+00,7.321854125278342007e-01
1.001319919750280008e+00,1.037008373009315587e+00,5.670735294192746245e+00,1.582881959814979478e+00,1.936035469567566780e+00
2.852658621378561854e+00,1.153114249921071588e+00,2.220533353963227263e+00,1.167638673820727835e-01,5.342540604170535889e-01
6.361245823983479042e-01,2.265542317680254492e+00,2.453260427894035534e+00,4.231471817586276885e+00,-1.029013900077216936e+00
1.177904619224687144e+00,5.482731765661208456e-01,1.855446369313377364e+00,1.604433756370879482e+00,-5.090194343667067134e-01
8.788930931117538981e-01,6.337333711181024620e-01,2.591388458541932227e+00,2.377572425206766482e+00,2.755363235375466679e+00
9.644916034043198305e-01,-7.121548641975812277e-01,2.063214098571203525e+00,1.241912717281226097e+00,8.349572607723243500e-02
4.048805980929133241e+00,-2.099134535221199638e+00,-2.034285543088684145e-01,2.807374863439475732e+00,3.951650881180887032e-01
4.606278746180564321e-01,-1.021154328758089536e+00,4.146557889219250725e+00,8.306338202473131371e-01,1.204053187469986685e-01
2.375157285711091415e-01,-1.284338919022058878e+00,1.477883054481059499e-01,-1.011819239858226194e+00,1.253427276540299840e+00
1.923094112637592890e+00,2.337808423730793450e+00,1.606804988421146829e+00,2.120266885835570214e+00,-2.155423754486203991e-01
9.095356644581766847e-01,1.896035232217522015e+00,2.136441155064560782e+00,-1.465736154737846464e+00,1.259354712604801474e+00
-1.332214734033599690e+00,6.225403939616556137e-01,1.496174909030210554e+00,2.354239303558350649e+00,9.605851384074424182e-01
6.909849560638181565e-01,5.281392050379620784e-01,-5.511076533887202533e-01,1.876830708803578052e+00,-2.998319649340974724e-01
-1.999030897559114894e+00,7.568700469762865701e-01,-7.493989310120785508e-01,1.957339025772073082e+00,1.347860599473141185e+00
1.154924621288133446e+00,1.380283900113928652e+00,1.426495357943491138e+00,-4.067329208611864644e+00,1.325781595755231024e+00
-4.070252373073005581e-01,7.176701262362267242e-01,1.343772708352378942e+00,-1.704880242954406766e+00,7.341156524040941544e-01
-1.349694212871335841e+00,1.413890920293980891e-03,-3.716307012154318468e-02,8.637698010434291529e-01,6.477668026533542900e-01
4.597689029442025843e-02,5.458577981747716468e-01,3.394493247592609286e-01,1.367961606503809380e+00,-1.168584453991425187e+00
9.061267307339071486e-01,1.107648711681647136e+00,-8.017704762143473829e-01,-9.495996375262243383e-01,8.807182832955318119e-01
-5.656386638647371568e-01,-2.854069505306697785e-01,1.319658646737477792e+00,1.484898401159427728e+00,-1.999453018440091046e-01
5.273225973354378482e-01,9.992568223787638981e-01,-3.327443150002863614e+00,-3.185840382467358900e+00,-2.052452700394884477e+00
-2.587830763106448551e+00,7.164930994716998125e-01,1.109181083608983265e+00,2.174346315029348720e+00,5.104588898671864605e-01
-2.847544841361870471e+00,1.168580752748948237e+00,-3.285749050599915844e+00,-3.403105312290731987e+00,2.715875967859904261e-01
-2.998116668252991612e+00,-8.403151354706210885e-01,-2.533951011114068841e+00,1.028654770979020583e+00,-1.684063064796440301e+00
-1.897487501095820317e+00,-8.916927328884015624e-01,-5.110827321710949001e+00,-4.696653160712862984e+00,-2.256581375698994751e+00
-3.016354339014304387e+00,-1.712291470853961162e+00,-4.594618583032765713e+00,-1.791898106900067011e+00,-2.677546075072373188e+00
-2.707244565742089382e+00,-1.926690517034388983e-01,-3.404633606078675268e+00,-4.191866768372348950e+00,-2.509498040724356116e-02
-1.488013838310700443e+00,2.782691159325783037e+00,-2.716487968489054161e+00,-5.468075437054292998e+00,-5.034388016153787948e-01
7.172204436554707740e-02,1.475065522311461930e+00,-1.076396092560018891e+00,-2.971383201270065388e+00,1.897810752331456463e+00
-1.293153960305472028e+00,3.520910534910206557e-01,-3.118112456508127739e+00,-3.660791585646182789e+00,-8.836926070141110090e-01
-3.009536786447764456e+00,7.752005798328150954e-01,-6.659526404306284064e-01,-1.560885745583417306e+00,-8.930956323954561960e-01
-7.901158254829558913e-01,1.834998712883448846e+00,-2.477961043439877553e+00,-3.154463544505534678e+00,2.569397555863521809e+00
-1.481848340387977192e+00,-4.443320612183823126e-01,-4.390023304605410459e-01,-6.136319957711906525e-01,7.973407432149028917e-01
-3.013129322664884313e+00,-3.290987289230590251e-02,-1.581331331157731945e+00,-4.294902770104008560e+00,2.762695315853129330e+00
-1.476792551396472586e+00,-3.724787593135820973e-01,-3.128021683890898519e+00,-8.367847348450661027e-01,-4.309079149710250412e-01
-2.173196519533105331e+00,-1.591934329007257398e-01,-2.470547145184625037e+00,-2.226795899147515634e+00,1.863045421787550282e+00
-1.858973244930738566e+00,-1.020682465720798460e+00,-3.382888406733727482e+00,-2.772450218905239794e+00,-1.407347081104128872e-01
4.419224691410830186e-01,-1.582009278371730110e+00,-4.923482193778442095e+00,-3.729988903071093098e+00,-2.584403011984135468e+00
1.467464522617066391e+00,-1.611660184034648946e+00,1.218085824231822656e+00,-1.961448161866186757e+00,3.323059902573777258e-01
-4.090655235754374619e-01,-6.653204402852378463e-01,8.101073638080514838e-01,-5.046508255820494782e+00,-9.598599811098406098e-01
-7.998085263915102328e-01,-6.980924775931014459e-01,-8.166942278173849878e-02,-1.602270540370371588e-01,-1.997888031100877870e-01
-6.580920981421192195e-01,3.904564662846313206e-01,-3.066784171039258933e+00,1.841273670995474676e+00,-1.604255090701301567e+00
1.920311944491732259e+00,-1.055213332362972878e+00,1.049277488307824857e+00,-1.876297321160595555e+00,2.371537297439567649e-01
-1.785092630149243131e+00,-8.324552028455343144e-01,1.750135905560146754e-01,-2.016287962996370364e+00,-1.902878399076460836e+00
1.401443889129541986e+00,7.422217367729688764e-01,-2.979130819693248888e+00,1.348888641512016040e+00,-2.473180093472206131e+00
1.257894247721529801e+00,1.009288965526395770e-01,5.929390068436368733e-01,-2.496215911451308500e+00,1.026564757144273532e+00
-1.477395083863860759e+00,-9.777920148219891860e-01,3.341482145375388457e-01,-6.603833594497487969e-02,4.366530681619570919e-01
-9.754396822647175558e-01,7.935686051306271027e-01,-6.095250354859890196e-01,1.447422273081349520e+00,-1.196833872621064332e+00
1.977845131601762230e+00,1.141265196382315272e+00,1.088486674006001076e+00,-4.791511582065565711e-01,2.594797650426804658e+00
2.128702113839720411e+00,3.423397072370892857e-01,3.527567909685671577e+00,-1.658154614918776470e-01,2.412406416393588771e+00
-5.881997257216469155e-01,8.149987134773265529e-01,2.835031227284867228e+00,6.507433625386742637e-01,-5.523115721396060218e-02
3.097529676105071683e+00,4.816295398931987881e-01,-7.945671489477890148e-03,2.205966958620728668e+00,-2.399996990610467340e-02
4.046571207729336983e-01,1.548092137472966368e+00,2.845717046181247767e+00,3.755904093119728504e+00,-1.123828311933128044e+00
-3.635311501270057644e-01,-3.194867206864948628e-01,2.003856937249233638e+00,3.687472711715675255e-01,9.337570927746131622e-01
-2.170273617229354635e+00,-2.064245580240588573e+00,-9.540099834917215027e-02,2.067131742943896455e+00,-4.895955162397519489e-01
-2.639598832284297814e+00,-1.074966069025661497e+00,-1.795913617953560415e+00,2.953349215663752858e+00,-1.716619209797208834e+00
3.688522806576550739e-01,-1.189667581029646204e+00,-2.280412758095206716e+00,-3.044049331782552326e-01,-2.940988440965082606e+00
-1.763508567472905630e+00,9.430189770642949387e-01,-1.947768271562204889e+00,-1.929928050687466978e+00,-6.089296710911136223e+00
-1.467761373103003475e+00,1.169838987340767078e+00,-4.264678740382174205e+00,8.747878849208303720e-01,-3.293811218234808713e+00
9.650818616511233072e-01,3.307452224987806222e+00,-1.436038482925348303e+00,-1.066559434581855204e+00,2.856262605810733213e+00
-1.363461799029380472e+00,2.232043440538325818e+00,-5.360634515156074142e-01,-3.635248103628308858e+00,1.049078902729234652e+00
1.484621859841719127e+00,6.742624878833696211e-01,-2.833887959562469416e-01,7.904012700050035978e-01,-1.683313044506757006e+00
3.707895291698345419e-01,-1.073878977370963383e+00,3.510434164838780458e-01,-1.789906917833196554e+00,-1.576725455583887880e+00
5.703668392178791180e-01,-1.982198140768831607e-03,1.509050131653217663e+00,8.187191099775337211e-01,1.537702964743401512e-01
1.150803128886837445e+00,-6.582509302725877420e-01,5.687991491074417816e-01,3.275953719100315631e+00,-2.796756431071650617e+00
1.816753817989031017e+00,-1.828641533410029663e+00,2.019380508095823812e-01,2.385369353557992511e+00,3.127308219584614690e-01
1.914580253809963217e+00,-1.328608803120026494e+00,2.265236004004917980e+00,3.577261324460248915e+00,-3.357966491803638931e-01
-4.218415669934090229e-01,-9.434314434836741370e-01,1.204133339423755000e+00,1.196240924695885166e+00,6.007052637836221010e-01
2.953758387092354276e+00,2.036744706018644990e-01,-3.801131696665044357e-04,2.283688211920539501e+00,-1.700322666554170636e+00
6.321112918283265936e-01,2.392913347275018032e-01,2.781006998984398404e+00,2.786727412561003092e+00,-1.090367331734070522e+00
2.300421338308868968e+00,-1.508734285248267248e+00,2.283987982275796469e+00,1.821628846416584846e+00,-3.176772881129533488e+00
-1.442307988523640283e+00,-2.065456417629534691e+00,1.833230440258261318e+00,4.379052126914181997e+00,-6.286959839504350889e+00
1.404245738530349730e+00,-9.847313176948497837e-01,-6.679540317362910873e-01,2.723205836919293077e+00,-3.675274876512133027e+00
2.462532753983847300e+00,-8.290760996231426594e-01,-1.655994688559039751e+00,9.994419380555259469e-01,-1.796929411487761641e+00
1.274982019273043221e+00,-1.048203813278725249e+00,1.148537634833634247e+00,-2.059538780843754857e-01,-1.542428266080082100e+00
2.540079324802288596e+00,1.481645672807816005e+00,1.825868875535682223e+00,-9.326843502513237905e-01,-1.155077883940470951e+00
1.205316666422521443e+00,1.422535330536712550e+00,5.566040253080970501e+00,1.749138936652462561e+00,-1.478919575621906457e-01
2.251221676955276862e+00,-1.346894767549665861e+00,3.491862351723662883e+00,3.078090196633404663e+00,3.488087836572385747e+00
1.264947025398233560e+00,4.507063504055079384e-01,5.310871684975034590e+00,4.869365707182696568e+00,2.599788056147475768e+00
6.939332630781298583e-01,2.686756406844869050e-01,5.763828277681749768e+00,3.614325083632264679e+00,1.374575976321974480e+00
2.596363782350969096e+00,1.711443280844782588e+00,2.652830579608410844e+00,5.285427602849317452e+00,-1.806001689392172427e+00
3.474493746552424156e+00,2.976337880937111713e+00,3.583181086943176830e+00,7.830161453064764743e+00,1.167767414156846151e-01
-1.860006577843951847e+00,-7.260191532892612543e-02,6.028054682967307620e+00,3.254854426134084822e+00,6.566635613831427465e-01
-3.560900599497272556e-01,-6.639414330404098674e-01,1.728778891325296829e+00,2.414499282273701475e+00,4.309187193926704573e-01
-1.621657477879654197e+00,2.161140828895039334e+00,-3.036449107811099335e+00,3.185696792440138037e+00,-8.286218445277290234e-01
-1.719398017465710193e+00,3.999511564411140085e-01,-1.651262246675828105e-01,3.342583230958137364e+00,-2.750922231414703045e-01
-1.571459905764229559e+00,-1.880519604460183736e+00,-5.396214510311175161e+00,-1.363841378283144667e+00,-1.342611122438324589e+00
-3.245679394667028372e+00,-2.462438660015245695e+00,-1.749511942362864891e+00,1.617261356605699474e+00,-2.168724802449292000e+00
-7.724307396694576333e-01,-1.271199418818073523e+00,-5.185210860201563854e+00,-5.677739262077151849e+00,-1.901985078927984629e+00
-2.297293854755962705e+00,6.185533354982533094e-01,-1.015909688367661268e+00,-1.192255296374654439e+00,1.281227949711146064e+00
-5.169113317537323837e-01,5.782472365823132510e-02,-1.722757935313641742e+00,-3.372550006054696237e+00,-2.750861537242028643e-01
-1.068829261190313629e+00,-5.742391326884115355e-01,-2.452389989200915998e+00,-9.898139228986224669e-02,-8.841819805302464363e-02
2.101891203667691777e-01,-2.646882244530923689e-02,-1.034151508334312908e+00,-1.817151329908481605e+00,-8.996515423091777652e-01
-1.446823387289484453e+00,-1.514398203356548400e-01,-1.457288084654220217e+00,-5.101557216436483522e+00,-2.536955802183761488e+00
-8.816337832824318044e-01,-1.760722278879047753e-01,-1.185607870870474256e+00,-1.682216612361644215e+00,1.755938335972236031e+00
-1.697286802055488319e+00,-8.285813410565934234e-02,1.319497045528672530e+00,-1.538923374234219654e+00,2.818881045434904919e+00
-2.179989923339478164e+00,-6.181561380821112284e-01,-2.924518662355775067e+00,-1.288802491146512574e+00,-5.041820395544196476e-01
-1.571532689651663928e+00,-4.800287191634444728e-03,-4.105722747216793422e+00,3.128241948421385255e-01,5.661383797610979318e-01
1.639796628187950578e-02,7.594628357513097949e-01,-3.021322114908884693e+00,-3.145267849479625788e+00,-1.625641920806186302e+00
-2.200842948432529145e+00,1.533431174401314490e+00,1.840172198842796814e+00,-3.797027002206949220e+00,-1.077767296234048988e+00
5.548606864241982795e-01,2.469862772726396649e+00,-2.114494888941669704e+00,-1.256151331662780368e+00,-1.055943859452701750e+00
-2.095451879747939894e-01,3.592966571662637998e-01,3.150159685699768231e-01,1.761527520106545008e-01,8.198153881425975786e-01
5.976424857863422702e-01,-1.234637222693292236e+00,-1.823857278865811615e+00,-1.203988308942784080e+00,-1.890438717492251897e+00
-1.388478427697926065e+00,-8.105004621571905155e-01,-1.135525376485397198e+00,4.294324700110658810e-01,-1.171367182169645416e+00
1.069053465353535071e+00,-2.614998582297601182e+00,4.709126003332613219e-01,-8.987739266147044548e-01,2.557763106324699720e-01
4.015799881473662847e-01,7.073225805829135293e-01,4.448500575496238674e-01,-4.075095347832324855e-01,1.652383313967167089e+00
-2.009980768755421643e-01,7.195796948514467106e-02,-9.952252851366766295e-02,-1.402367655191823825e+00,-1.180720334393890125e+00
1.629835779104472859e+00,6.867119025367258711e-01,-3.050983454804948036e-02,-3.152322558957252774e+00,5.622425096163685687e-01
-5.345180331791008488e-01,3.922160041283893617e-01,1.472567419690809398e+00,3.422542297734736949e-01,3.056361513726545187e+00
3.872987657682125384e-01,-1.521313357280698941e+00,1.922376649373133128e+00,-2.672896183595877329e+00,1.880523683673220647e+00
-2.380716242952551909e-01,-4.769862657250309446e-01,1.605271719856951051e+00,2.253569556993074041e+00,4.814847307017404709e-01
1.909330740630851952e+00,2.090064448393668339e+00,-5.102892896490780483e-01,2.087618374940881427e+00,-1.211181717372530331e+00
-1.294304986936808177e+00,1.506463777536067639e+00,5.467066092114039044e+00,9.084076032320551608e-01,4.261307913876889231e+00
1.481200670592281776e+00,6.599973751737959748e-01,-1.273856533151842552e+00,-1.120871711610301746e-01,2.345935317125761976e+00
1.187655660449315365e+00,1.520954676543541773e+00,2.185098374030552293e+00,3.408269005760755199e+00,3.535608928614240476e+00
-1.595451569290736726e-01,1.284764885411914248e-01,1.499078842268394718e+00,-2.386940897076895940e+00,4.026826024615588473e-01
5.660068057097248362e-01,8.793337700916250554e-01,3.700724620907557827e-01,1.923746370206425915e+00,2.523063217488602739e+00
-1.562362512331050723e+00,-8.306354915771922975e-01,1.489456637052603227e+00,1.203892421630325060e+00,1.651008087345122055e+00
-1.098408900976022062e+00,-1.133223602506151062e+00,-3.602357709615693349e+00,9.180884415066570270e-01,-2.031039108587953113e+00
-1.122312678446264922e+00,-8.648022113067219685e-01,-3.898650173432567811e+00,1.249688180887347677e+00,1.975681231490869771e-01
-2.050793026960177290e+00,-1.290088512089370809e+00,-3.360193331745772394e+00,-3.906086488363623044e+00,1.572982922128372429e+00
-2.028636776761315375e+00,-2.030266658431890026e+00,-2.168624510875025724e+00,-5.027125421960311868e+00,1.592161405878812497e+00
-7.072615646460000960e-01,-4.070165700489155047e-01,-2.826333572046484832e+00,-4.063626163554509674e+00,4.110653303105073597e+00
1.652111417245142877e-01,8.811649787856745686e-01,-7.405111118435472317e-01,-4.939302321070432100e+00,3.142018377915582583e+00
4.266768586507825312e-01,1.518905732168225109e+00,-4.501524471319157117e-01,-4.805535022712727589e+00,2.467865751859965151e+00
9.877370361091935003e-01,2.138384015676790817e-01,1.265008287041996971e+00,-1.824126133701334140e+00,1.317113080321896446e+00
3.349270039545416466e+00,-4.006983445145721467e-01,2.574266818714106009e+00,-2.754895827896004956e+00,5.749587859900486819e-01
2.400554400440111924e-01,-2.760517907285171546e-01,4.624032113411312039e+00,2.215932388039175693e-01,-1.454306324912509663e+00
2.158042259187883616e+00,5.110602921920233133e-01,8.583482352688456274e-01,2.193676292707544384e+00,1.295914715821049334e+00
2.490820895458657702e+00,1.001356065620672420e-01,2.823555039185898785e+00,1.861516894541485279e+00,1.182856505336277841e+00
1.167978619448984734e+00,-5.244342678458773221e-01,4.519021579517850995e+00,-2.874266383118437296e-01,1.414151808796981769e+00
6.535903561039391185e-02,-1.238746889123875317e+00,7.644003925608303662e-01,2.209815931096613006e+00,-2.190607417509194299e+00
1.881070405378113097e+00,-5.183343634517070253e-01,-1.209499534360129580e+00,3.651700087504770043e+00,-1.327506664142825477e+00
1.238286280564339537e+00,-6.237923845940378520e-01,-8.426033002241167802e-01,-1.382722231766972953e+00,-3.047099582030150522e-01
2.155391032020526954e+00,-1.884479451066936040e-01,1.263141270563274077e+00,-1.086643336497167045e+00,-3.247668460546235814e-01
7.743961557799076134e-01,-5.793717873187016476e-01,7.771659765409466569e-01,-1.988572519126293070e+00,2.992287549032192628e-01
4.526262708083109154e-01,-1.420820664861682792e+00,1.379538171939659552e+00,5.725577320343326893e-01,3.340328519250336803e-01
7.674154205467154100e-01,-1.753811635496411059e+00,-1.816855883497005664e+00,9.012125119064802181e-01,-2.286213021680824298e+00
1.840210797887556815e+00,-3.992175106397724549e-01,1.945092183222463245e+00,-1.274782278118265499e-01,3.580603960665605934e-01
4.193047262802654274e+00,1.875439538054438415e+00,3.975292193712911093e+00,-2.685727658645871152e+00,3.108256873902220274e+00
3.241874756350642706e+00,1.566893509704742726e+00,5.972845955938301366e+00,1.007164018240572778e+00,2.294139387797233365e+00
1.953235920512402801e+00,2.443870051234152463e+00,6.668475285724884571e+00,2.539153988086404912e+00,2.777015604150708583e+00
-1.013549879768024020e+00,-9.458537251323710926e-01,4.153598632778115807e+00,4.337870340574772499e+00,3.005223055104842445e+00
5.223335503216804954e-01,5.739895341479845925e-01,2.483818774216524972e+00,6.076920689749916171e+00,1.903543591851798666e+00
-2.355982983081215565e+00,6.025425827157265823e-01,-6.166630833724273675e-02,2.091214474727793426e+00,-2.522085491079266717e-01
4.164421140609823047e-01,1.119141235799810064e+00,-6.504726084787623153e-01,-3.018146462890869408e-02,-3.825260650647610561e-02
-2.843243577336099115e+00,7.351117936056104085e-01,-3.710938251534945387e-01,1.754336415045644193e-01,4.744830335702543422e+00
-2.730870586536590761e+00,-9.199843719761802152e-01,-2.537873033783782262e+00,-1.577238617396874654e+00,2.508722483095104927e+00
-3.832141629962599438e+00,3.065235701192445816e-01,-3.392752064116816957e+00,-2.124547346094071809e+00,1.685445664085158057e+00
-3.705199701137132706e+00,1.710112279207829378e+00,-5.473036124250254986e+00,-3.575977934579292139e+00,1.038394269894133748e+00
-2.564855177174118595e+00,-1.174914640998069082e+00,-6.184694283940029180e+00,-6.085375330417844175e+00,1.623726644294955612e+00
-9.091195184289537767e-01,-8.194471876157112256e-01,-1.965874584830812566e+00,-7.666448356752109561e+00,1.191308234618597472e+00
1.187843823245379626e+00,-1.857689113470110343e+00,-3.096930417938884350e+00,-6.127767387959475620e+00,6.194503592814004644e-01
-2.184614906210908813e+00,-8.409895859508215166e-01,8.535491930455036957e-01,-1.916836078163734580e+00,2.574733403209448213e-01
1.106333909502625668e+00,3.876895963663675726e-01,-2.182506051478301679e+00,-2.317569838496207346e+00,-2.011703102979112145e+00
-1.623304086491713427e+00,-1.077607631946003952e+00,4.741487154471093479e-01,8.983972109368792980e-01,1.810739881629775727e+00
4.864820231986822785e-01,-5.202902201837992235e-01,-6.180785702056772468e-01,-2.353663552609188692e+00,3.623978186425718118e-01
3.102702629415097224e-01,4.565466965133077037e-01,-1.474946297731907441e+00,4.085520189257801360e-01,-2.979716267458895729e+00
-1.702083629496488948e+00,1.472169736780520655e+00,2.163806154332172937e-01,-1.581669978742845206e+00,2.629425639729600639e-01
-8.705070476428944382e-01,1.355761818949904995e+00,-3.057888424822459150e+00,-4.684917487181188833e-01,1.440842981146068125e+00
-1.384214100933725433e+00,-7.110951560431857388e-01,-1.569163828234761748e+00,1.711269892122117220e+00,9.939428814549224889e-01
-2.205394051671496491e+00,2.265398063747841029e+00,-2.441449893653509839e+00,-4.685534337549566608e+00,2.812039457247453633e+00
-7.489394434965420677e-01,-1.147996861758724840e+00,-2.065783479380405296e+00,-9.198052099467473042e-01,9.171168528093887051e-01
-2.636454568143026478e+00,-2.136180417362016914e+00,-2.932015855898841394e+00,-1.500691571511076017e+00,-2.176447198426395335e+00
-3.071975742310605551e+00,-1.964939540000918194e+00,-3.153484668422247950e+00,-1.565865312945223353e+00,-7.306685074224983367e-02
1.671576285388815197e+00,-2.722099638115131892e-01,-3.579282600552161409e+00,-1.739389055385338168e+00,-5.809984945730798378e-01
8.015393967343832360e-01,-2.731498944551878916e-01,1.243458172161557851e+00,-2.425125225517847483e+00,-8.888361630854894058e-01
2.903512746140568090e+00,2.751351946187773900e-01,-1.190777039774311152e+00,-4.222568820800667311e+00,-1.871221574805740362e+00
3.117793638989936333e-01,5.385465866526475409e-01,1.265660159017478748e+00,1.126946125898501405e+00,3.869424246215344976e-01
8.233960554446024815e-01,6.779542483755029991e-01,-3.131282031809197175e-01,-1.597322262250335356e+00,6.804111489960124048e-01
7.673911064243831015e-02,-2.019338120812296911e+00,-4.224598643426499267e-01,4.902590535264366167e-01,-2.790713892015882269e+00
-2.826198398344413665e+00,2.161809856445870537e+00,-6.759866083313383900e-01,1.786201837748706833e-01,-2.694461484687598052e+00
3.591149923629824992e-01,3.387826575566503795e+00,-2.032232835920319225e+00,1.150993715972545406e+00,-5.071043818898475219e-01
2.843861381668709165e-01,3.487075879352364627e+00,5.080079580052359045e-01,3.644862375773821883e-01,2.086139114987653365e+00
1.330001782470874527e+00,2.279688063403839671e+00,4.504011597629431485e-01,-1.801608913676770340e+00,-1.955972995719732488e-01
5.948811824076145616e-01,9.268047212890118125e-01,1.615236684045077364e+00,1.045903179405081485e+00,-5.440549672339684006e-01
5.770255022490847763e-01,-1.231027240698135294e+00,1.385273678043181800e-01,8.208380722613475289e-01,-1.301382073610945156e+00
-1.008087162074161380e+00,-1.748074728316910686e-01,-1.201648418260392592e-01,1.058559231813814172e+00,-4.066734269762757314e+00
7.971720103702428784e-02,-4.809797098802335857e-01,3.510584466818682525e-01,1.980934887146212464e+00,-9.243095598491957166e-01
-1.141657267534404552e+00,2.938309270006706497e-01,-4.242917749829056007e-01,5.901764166145156976e-01,-8.944975568729018889e-01
3.223755863281108081e-01,-7.080690098752099315e-01,-1.182923842813474458e-01,-6.092282133773563313e-02,4.138925745788593069e-01
-6.633466621128992768e-01,-6.609266355787029035e-01,-2.707761093274019260e+00,-1.228382650593732528e+00,-2.373452473109558536e+00
6.278447835774817465e-01,9.371820052261008449e-01,-2.902013069917932064e+00,1.729996119504627838e+00,-3.408264363571618549e+00
5.461540210959606179e-02,-8.159483891657702825e-01,-2.295713168765509682e-01,-5.499952448484320966e-01,-3.131690953949077816e+00
-9.712848790377822672e-01,-2.836866943290481391e-01,4.971248173501199297e-01,-2.398335444172466246e+00,-6.242265440983176816e-01
1.556982075730951154e+00,-6.981894648767263956e-01,1.006242618082254348e+00,9.917666813288175121e-01,1.155664207149561751e+00
1.529054831838075224e+00,-7.464496433105797246e-01,1.946808897942144068e+00,-4.080558835434207055e-01,1.358584867978642974e+00
5.065929326345475214e-01,9.166706347741719885e-01,4.001966186201931563e+00,2.391927726548442656e+00,2.020118356740112642e+00
2.910383227623274394e+00,-8.204894803736618725e-01,5.500632576156572640e+00,2.237025657985990179e+00,1.685317390471887888e+00
1.580715491786094606e+00,1.588220849101775078e+00,3.315444474632985195e+00,5.166271333300198165e+00,5.639940162104967181e-01
1.642875747588343316e+00,9.364493069164435690e-01,2.473744878619656973e+00,4.453846279095521332e+00,-1.169660449125283996e+00
4.157163356704324464e+00,-4.615276532333977277e-01,4.085283132402143025e+00,5.035009412082506408e+00,6.411212235303863638e-01
2.555773924671666641e+00,-2.069469614494535481e+00,3.810771361165310900e+00,2.951774986314261717e+00,-1.412314360518628797e+00
1.751977470532592562e+00,-3.022374783042649948e+00,3.707713001603594627e+00,6.180874918631294790e+00,-1.394245850581776969e+00
3.537047133906473295e+00,-1.968989165369715577e+00,1.662177217745049784e+00,4.403153631432737747e+00,-3.037847903690914286e+00
2.250246299345964207e+00,-1.088709566288596609e+00,3.697660262260213049e+00,3.182179319837199927e+00,-4.303760472337347931e-01
1.510912014151422067e+00,-1.096803607564183380e+00,2.381451040288593113e+00,5.321107023120922319e-01,-1.724980568171870399e+00
1.481330018857993203e+00,-3.284256026455967259e-02,3.609763359163710161e-01,4.291536634771593306e+00,-3.636117589771857617e+00
9.430022033811322757e-01,-1.168626085280599858e+00,4.499621194013905257e-01,3.504954345922447700e+00,-3.297413148904337898e+00
3.278228001147653003e+00,-3.085698313662219583e-01,1.158661087125206546e+00,2.334621863042519951e+00,-1.705512071806229768e+00
1.026780351155331283e+00,2.109482610390898571e+00,3.447328080877039014e-01,3.152431593332244653e+00,-5.135456070938113626e-01
3.025042193921104072e+00,1.088289625633822144e+00,3.979666591690444122e+00,3.858553523112954409e+00,-1.357899580752774948e-02
2.206760801534962457e+00,1.224597411754452692e+00,4.031963662096421430e+00,3.314396880194059758e+00,5.997587515136804104e-01
1.916022742638090470e+00,1.668638654085007778e+00,3.681058041642181422e+00,4.534625687106497161e+00,1.356479367329773478e+00
1.421290289533764239e-01,8.787984536059439966e-01,4.170132348705662295e+00,3.153523677579602058e+00,1.206338163497034932e+00
6.039155782484644241e-01,-6.679798819576343583e-01,2.364905957907487810e+00,3.371279919772405265e+00,-1.755925885665173602e+00
3.590854224420187424e-01,-1.631701096910999293e+00,1.080546206463995018e+00,2.708970411672736667e+00,-1.516641684676847679e-01
-1.262399407487531988e+00,-4.534059340626994672e-01,2.988585585358525698e+00,5.392091262581508282e+00,6.976045505189909512e-02
-6.731090010681526348e-01,-6.528218029893311236e-01,-1.937408169161575877e+00,4.125361155199956387e-01,-2.030148992201929126e+00
-1.814746441703390945e-01,-4.006036150628455306e-01,-2.004354821522276620e+00,4.577139132539233657e+00,-1.986466758717018166e+00
-2.340511467185013017e-01,-2.056063010635297506e+00,6.138241450512798014e-01,-1.982135415689555424e+00,-6.429183351008305181e-01
4.970746925936586624e-01,-3.087562408864742647e+00,-8.546294242697927146e-02,-2.521310585882507560e+00,9.173994805186940216e-01
-4.830445633257883564e+00,3.037318532766846158e-01,2.820725238665153789e-01,1.422742354420657218e+00,3.222540014726984037e+00
-2.265298343334026576e+00,1.306364453563093386e+00,-3.896036531755040055e+00,-1.972988313758188506e+00,-3.842844573615742387e-01
-1.807787094455242549e+00,1.523873999145215929e+00,-3.457466673325220174e+00,-8.880489306723201581e-01,3.402726787962384591e-03
-5.651465028565496596e-01,-1.042231981068600710e+00,-2.858250598363683004e+00,-2.633393269892053912e+00,2.011193406834416386e+00
-1.129011691922603200e+00,-1.878238479797915139e-01,2.296171036917105113e-01,-3.149707997865860420e+00,2.236246445973146368e+00
3.664722384944717470e-01,2.707871067357107364e+00,-1.010116919258036372e+00,-4.206749698896762091e+00,4.454276123343674509e-01
-1.743344346863874517e+00,-2.310729163209275239e-01,2.938485071905928780e+00,-7.421281436456936831e-01,2.606027004288018034e+00
8.634058463201551570e-01,-6.994461454800593447e-01,-3.269826332864405494e+00,1.183569358842761599e+00,9.802486796043220485e-01
1.654134737420358547e+00,-2.260628136248462372e+00,-1.510242517856500655e+00,1.749361128441463631e+00,2.009548651855497525e-01
1.278239887528017649e-01,-1.717261434809189691e+00,2.759361930551949893e+00,-3.462462091928030894e+00,1.549483576492348025e+00
4.598046961111128539e-01,2.641395562742964165e-01,3.253610867752621871e+00,-1.356865537870965976e-01,2.292150103226585856e+00
1.987118719268441192e+00,-2.514357232267263598e-01,4.798278729455076608e-01,3.998611645747837118e-01,2.171568364542953766e+00
1.698897453792905576e+00,1.400183351139737020e+00,7.983195116311182504e-01,3.297662805065495029e+00,1.058336462033552250e+00
7.129944306081610339e-01,1.629054008021062483e-01,4.741565704000230141e+00,1.502161910956105961e+00,3.486509743740940914e-01
-8.170707177298757173e-01,-1.170520970223451140e+00,5.849140565955106563e-01,-1.457354641660068229e+00,9.421989218405423250e-01
1.961538897935168890e-01,-2.741731035369414649e+00,-1.882368030706941919e+00,3.780976325956037609e+00,-3.017219745024182220e+00
-2.678870324371768863e+00,-2.010697956439922773e+00,-7.145235614439613414e-01,3.704353071001833531e-01,-1.599164411290894261e-01
1.336759698441527089e+00,-4.403498306554357589e-01,-2.501897025716997458e+00,-1.092374547231103499e+00,-1.468077832534730343e+00
7.546779897459667819e-01,1.284945330072872594e+00,-6.926509703926158057e-01,6.632579856922953265e-01,1.565758800299999587e+00
-2.054160028923529557e-01,1.327792489453951452e+00,2.708093601994146393e+00,-3.536018543949187354e+00,1.309439075903831018e+00
-1.664062758833083855e+00,-2.311697122397649018e-01,7.717798910777953214e-01,-1.242290096188003456e+00,1.409755061529898157e-01
-8.860928160863643654e-01,1.469705963767386159e+00,-2.069364175528102479e+00,4.979716760022119271e-01,1.184921121095834140e+00
-1.421620646681887035e+00,-1.884644568287388022e-01,-1.079046517737985988e-01,4.914265637569665834e-01,9.385159739837330983e-01
1.750945894480509413e+00,-1.425274275786902578e+00,-1.915408089539166525e+00,-5.656838799958711084e-01,1.102720528539760547e+00
1.071815556832024452e+00,6.448275593484710244e-01,3.466484481829289477e-01,1.063215664078502432e+00,4.478135873752510099e-01
4.768867671294612642e-01,-1.445422637267532950e+00,2.902599507704872739e+00,-2.844686072192197379e+00,2.349380403090340685e+00
-2.415664583248540442e-01,-6.469528221503323406e-01,3.948044693062005006e-01,-1.499682529711228451e-01,-1.356099116828951123e+00
1.136912640638047534e-01,1.060979735038471983e+00,-9.507594084007623403e-01,5.753861835142162207e-01,1.412936058776005921e-01
-9.667272670727879991e-01,-2.108636461632981796e+00,4.020839573793353328e-01,-2.751307255694597220e-01,1.482469471004270734e-01
-1.557032131259336261e+00,-9.573699921511920063e-01,-9.911653398032027606e-01,-2.187156778507892696e+00,-3.719928790142548181e-01
-2.049401506069458367e+00,-8.261373992036296077e-01,-1.757557517073915498e+00,-1.882969082321863663e-01,-6.709321592541874768e-01
-3.117087462443851598e-02,5.736863668455849385e-02,-2.335083478155864256e+00,-2.644874573387723693e+00,1.259141931555194160e+00
7.349498354899000052e-01,-5.413440660436406038e-01,-1.828383018801441606e+00,-3.371897052578476384e+00,1.201925142206194286e+00
-1.223734544377112377e+00,-1.502044792916092497e+00,-1.255037973450238820e+00,-2.096876915801368924e+00,1.143213059164254197e+00
2.733275484486692442e-01,-1.621216425741057288e+00,-8.188426902730788770e-01,-3.851730500845437000e+00,-1.360791257780120223e+00
-1.828215291420357547e+00,-1.606379743506952007e+00,-5.658833718973745874e-01,-2.800852780342893311e+00,6.186915546866574855e-01
-1.562453291585784498e+00,9.265958934926328272e-01,-1.878375915958641507e+00,-1.233778910367673509e+00,-4.244310080451058065e-02
3.491869444683288748e-01,1.416844351392740675e+00,-1.699251841632801519e+00,-2.749673828799084951e+00,-1.812767370375903297e+00
2.172327596081431889e+00,-7.260859438812805600e-01,2.778966176941581878e-01,-1.327852083934970784e+00,1.466488875063248543e+00
3.112272333800072843e+00,-1.357238014566298778e-01,2.126355015538038629e+00,1.110433320426988058e+00,4.934342309149687189e+00
2.149178921889309812e+00,1.177327002455691440e+00,5.165464821717521637e+00,-7.544399868931566111e-01,3.058244141678846617e+00
4.058601938107346818e+00,5.781264243279514714e-01,4.211753585025112656e+00,1.781585239848544777e+00,4.426168678334641449e+00
1.250103563077913149e+00,-9.625960470086811771e-01,5.560874033867252209e+00,2.787262791023177755e+00,4.101876880614256926e-01
4.877023531867105355e+00,2.810541591973050868e-01,8.973060631109506247e-01,2.220626932794290909e+00,1.280541636898394842e+00
1.757587385907389610e+00,-5.471168537691546430e-01,5.059443726925504592e+00,4.788412757013036369e+00,5.444613702311395187e+00
3.595354678196393206e+00,-1.458211787477200927e+00,4.600307846317517324e+00,-7.455294572660160490e-01,9.743420646880094349e-01
1.724768241658179324e+00,-1.430551118403500688e+00,1.617012760763649082e+00,2.284859942294139135e+00,3.860137697645296129e-01
1.471871841074759768e+00,-1.702599117537592077e+00,1.027732223360805053e+00,4.715086597179536376e+00,-4.496963003858902574e-01
2.372565596273217725e+00,9.073996568172328914e-01,3.154567887544288407e-01,-2.245421336092685016e-01,-2.325434655568402675e+00
2.572379149646245367e+00,8.016269811451623983e-01,1.479331077982608766e+00,1.078100215825069208e+00,-4.632479281014104666e-01
7.578760488485971614e-01,7.476154638621570481e-01,1.365040410554765327e+00,-2.817659638577211800e-01,2.668487279673146251e-01
1.106505551695269984e+00,-1.725509592175262785e-01,2.360383467602989782e+00,1.053325341203001919e+00,-1.780142439197316850e+00
3.758658327999052418e+00,3.315598967429443933e-01,1.990854068512125874e+00,4.807486365059314148e-01,1.929145123000855833e+00
1.152735506414946487e+00,1.481740065808505036e-01,2.492587109702646408e+00,1.687208514394911596e+00,-1.239887309978707552e+00
5.549921729354871935e-01,9.303316315028008487e-01,4.213553616566950488e+00,1.786580242048439349e+00,8.241753968458136459e-01
-3.218121295284460115e-01,-7.720191430287105527e-01,2.442789595188227914e+00,3.423771674504167972e+00,4.084468813127882569e+00
-5.732776510468662323e-01,6.561784594654181124e-02,7.107322942360158047e-01,5.002314963934757941e+00,1.393194610826086421e+00
-1.054745717247631998e+00,9.674369801323186024e-01,8.129602305459032729e-04,1.007879949939430420e+00,5.215132078632804813e-01
7.076596745199466021e-01,-3.142054745685143313e-01,-1.000785979688649574e+00,1.084413536052012406e+00,-1.224697524294059203e+00
-2.771425859663956270e+00,3.080307958163318593e-01,-6.145063803177959194e-01,5.284932899729863909e-01,5.011329107709914243e-01
-1.650763581036021499e+00,-1.232912698405157936e+00,-1.306182829620115449e+00,-8.377755272995608404e-01,1.050286920063050466e+00
-3.340174364366454540e+00,4.627693014726188547e-01,-2.217978821060854866e+00,-2.436031909206330948e+00,4.703808429684142034e-01
-1.162507172456976434e+00,-4.201001988037930679e-01,-2.687287619505440261e+00,-9.099746229975698153e-01,1.611676180765617250e+00
-2.748914867710670951e+00,-3.349616232827327122e-01,-1.691715114012262378e+00,-4.759341862810144264e+00,1.155214591448194161e+00
-1.843634475935765016e+00,8.113103166144912670e-01,-4.746039277795977007e+00,-5.812590561685848201e+00,-2.605852242549059561e+00
-1.603886427828487449e+00,3.948047186073296022e-02,-2.248233166735149169e+00,-2.419305090456433494e+00,1.991552440024844994e+00
-2.966173600516759379e+00,1.813811554338457865e+00,-4.046907448742121716e+00,-6.205069847271541761e+00,-6.765051974495173148e-03
-2.953443842103637973e-01,4.287996669660835702e-01,-3.481273011714766774e+00,-1.381845885836319621e+00,-6.849895910710095404e-01
-2.470699337209118163e+00,7.281352707365029708e-01,-1.726626781938328969e+00,-2.717305118441344813e+00,-7.749260822401519144e-01
2.361329121639645923e-01,8.933817587168324525e-01,-1.179027428879873218e+00,-2.701087349435448814e+00,9.899157170545058726e-01
5.362897412161433675e-01,1.460062782399834447e+00,1.149857644628881292e+00,-1.027613383911359257e+00,2.588097951634741101e+00
-3.075422528692524082e-01,4.122898544664644893e-01,2.858425797067829066e+00,-1.077044261426534755e+00,-7.830902049143900756e-01
3.935564293132216007e-01,1.185629884655885480e+00,-2.437973251447449474e+00,2.490533859202135325e+00,-3.356110136994150395e+00
-5.454717273654481335e-01,3.270938814655235949e-01,1.565624858645743300e-01,1.842604181089011917e+00,2.085790033958119682e+00
-1.989382784204531074e+00,-4.148979094872647377e-01,-7.311877847594925317e-01,-2.941762731891186089e+00,-7.463818268735396000e-01
-1.379571930419326797e+00,-4.269595143875362653e-02,-3.122732353078624179e+00,1.543091117895267317e+00,-8.310086710984818659e-01
4.926916283809998354e-01,4.710176406809438721e-01,-2.190558298642218293e+00,9.575213438574106117e-01,-2.534198415512988745e-01
2.747720406693852091e-01,-5.752684108782358807e-01,-1.202590108433828853e+00,-2.664841932103608979e+00,-7.896057390038702106e-02
-4.084529208017928514e-02,-8.306111269218066084e-01,-1.015162483536320159e-01,-3.959526423801498218e+00,-7.050123695185073203e-02
-8.515907919874537990e-01,-2.094981871605950730e+00,-3.677046160116484330e+00,-1.792228824821721300e+00,-2.612445863598945817e+00
-1.736749383694751458e-01,-1.664126343650889295e+00,-4.298235127576431891e-01,-1.502029199788647684e+00,9.416787714236327655e-01
-8.756359992217612742e-01,1.374733602875651828e+00,-2.563044537158148284e+00,-3.344293702580374728e+00,-1.627751880380293059e+00
2.635980410994727130e+00,1.257661917438246846e+00,9.879551524852734357e-01,-2.660873139841822166e+00,-1.266720794132502270e+00
1.513926902600642332e+00,-8.253663057083775456e-01,3.414274817429657993e+00,-1.395196031598515463e+00,1.522657530022483607e+00
9.128274999066954276e-01,3.451547508916714690e-01,3.429683336264158555e+00,1.046728018339632360e+00,-1.307302321082374430e+00
1.425513577877991267e+00,-1.153093626107214442e+00,2.145111909209260759e+00,1.823517972590895875e+00,-1.947543507944810015e-02
-2.369822512087457866e+00,1.158903895905900816e+00,1.748018323091339976e+00,4.309274141177446005e+00,6.644975804237260864e-01
1.255694627157112775e+00,3.043779544485943900e-01,-2.683826347329076323e-01,2.704414728184203476e+00,1.424969347067772119e-01
7.161595828637368211e-01,1.202714665583902054e+00,6.006892204636808952e-01,-4.652733627812455364e-01,-1.204223688969137396e-02
-7.413209212247889868e-01,-8.680860896922729664e-01,1.399672421187952320e+00,1.141097557376817617e+00,1.942471063446410851e+00
4.861469478625650709e-01,3.780623588739077112e-01,-1.347388886214548886e+00,1.713724355518586373e+00,-2.417741934897973621e+00
-6.775625359522847724e-01,-9.170641462718451264e-02,-8.811559093784766539e-01,4.376470823622439221e-01,-3.636653114163462819e-01
-1.710461131983590288e+00,7.993506324100618787e-01,-5.565809642018840764e-01,3.036914292497044920e-01,-2.023224543388061125e+00
-1.848875552369111830e+00,-4.096267429665784721e-01,-1.576401616905176883e+00,7.005493098476334168e-01,-6.744645631361411153e-01
-5.004490405060380009e-01,-1.512584950939910744e+00,-3.788477869873867476e+00,4.312847040597438397e-01,-1.007999766608289827e+00
-1.946531423207717992e-01,1.588038205055087859e-01,-4.099806281937782515e+00,-1.498675144912439805e+00,-7.385639031761342954e-01
-5.535977090504301534e-01,-4.506822047330015790e-01,-4.096875608044020511e-01,-1.960363060669784607e+00,-2.435129437220744930e-01
-1.259732788730127506e+00,-9.422772936260155330e-01,-2.619315768515545706e+00,-1.811780498552209018e+00,-1.676193696567050306e+00
-3.240776925226723781e-01,-1.031379871067913179e+00,-1.316987412758975573e+00,-2.688942516266651372e-01,-1.728582449910601948e+00
-1.109702460759500964e+00,-1.181995674967668553e+00,-9.989026205344524456e-01,-9.870327517897647951e-01,-1.453524794498656902e+00
1.876464845824784566e-01,-1.353541662872119078e+00,-1.369559810708305569e+00,1.217183688398204566e+00,-1.737693690069173735e+00
4.911884032607899409e-02,1.866446980115551213e+00,-7.386012676354627438e-01,-1.247736459884816185e-01,-1.914223478327646166e+00
1.105132081698242397e+00,1.755970040676780197e+00,1.112508673672840676e-02,-8.310865583807396373e-01,-4.079300741484920279e-01
3.119418813524301726e+00,2.082815513323347467e+00,5.136704957981824471e+00,4.051987489986527691e-02,1.974175899253205468e+00
4.096823035381026656e+00,2.599693051375673303e+00,5.595401428738430383e+00,2.198456382992954872e+00,3.560186549762890174e+00
1.833328547036747525e+00,-1.453070878168382096e-01,4.653322746554990452e+00,3.743148964848329818e+00,-9.619712175268330112e-01
2.103402788937422052e+00,1.423159958812203696e+00,4.047234782751004012e+00,6.787269491065808680e+00,-9.830255962045771900e-01
2.186234999332941076e+00,-7.851529560403647245e-01,-4.799823065412729406e-01,4.211328395534558844e+00,-6.581127404520570323e-02
2.335112906393502108e+00,5.450436116742074510e-01,2.656601711121791443e+00,5.375497767122577208e+00,-1.579132819178782343e+00
1.291469165776880423e+00,3.906145121891706484e-01,3.774543507210454507e+00,-4.274884069052644064e-01,-1.258255780290543191e+00
5.816431658105863933e-01,-1.511070720344126483e+00,-3.283759857783079994e+00,4.059378952809706398e+00,-3.044913472769942508e+00
8.680752600668214525e-01,8.165509462612160485e-01,-1.399813807779490826e+00,1.899437559127345132e+00,-2.704442261194764274e+00
7.890713927439134689e-01,-6.313757284624743615e-03,1.542580446523836191e+00,-2.649609817750100849e+00,-1.171629103053036580e+00
1.143555986383830270e+00,5.597127141354978352e-01,3.956752172046951177e-01,5.861798426545485885e-01,-1.485729303014992286e+00
2.020910824326834554e+00,6.031089749720536242e-01,7.838328827014517941e-04,1.061502639985839380e+00,-2.151811257394255605e+00
2.211770299318283506e+00,8.394774983511326116e-01,2.471907084085016137e+00,8.044912832057029561e-01,1.463009267201678787e+00
2.978300808461562532e-01,1.400015764531091333e+00,3.630118999824620829e+00,1.079256001296766687e+00,4.532953518634463275e-01
1.915713183751299287e+00,-3.675879357831399186e-01,3.385113095710774900e+00,2.289580352757030646e+00,-3.224155196990897698e-01
-1.261428840628469716e+00,7.907743434689151751e-01,1.203133912142682505e+00,2.995523689099315767e+00,-8.836115488642243276e-01
-1.997624867936280690e+00,1.787105029967044567e+00,-1.858661885964409510e+00,4.685898958093217104e+00,-1.898109361404764162e+00
-1.695418560928505514e-01,5.067470453651430340e-01,-8.067015476835817100e-01,1.303131208266489649e+00,1.505562076821775896e-01
-2.720136735384130588e+00,6.977218507623240695e-01,3.673921312795645489e-01,-1.375567593154192192e+00,2.119641232122630115e+00
2.418382556442937315e-01,6.610854064920592688e-01,-4.000185787617252409e+00,1.488432527555907381e+00,7.381063892300955276e-01
-1.974659160385667578e+00,-5.941106392270381065e-01,-1.218229717104495791e+00,-1.829889645242905427e+00,3.699592323566047725e-01
-7.060301952157707062e-01,-2.195749112392032742e+00,-4.829799842281342848e+00,-2.190382770081931163e+00,-2.134274359675903732e+00
-4.807253283987613202e+00,-1.455225582773858717e+00,-2.733669001146210142e+00,-4.258251543069091483e+00,-8.851054853658653077e-01
-9.284556260603127331e-01,1.175994808032321259e-01,-2.962083483738159106e+00,-5.185742989048321760e+00,-1.268468683855612289e+00
-2.029982332724596272e+00,2.164474412819084037e-01,-3.044436893230771268e+00,-3.631071706420176071e+00,8.503292116624567853e-01
-1.222864755230515632e+00,7.460263380213045803e-01,-3.043576177202406363e+00,9.973318990939317175e-02,-1.716476593166416986e+00
-2.925137068459614298e+00,1.113971530713093960e+00,-2.802979587011742435e+00,-3.196467907851352042e+00,-4.402201975039375936e-01
-1.717712680204277476e+00,9.763089333032656247e-01,-2.797659500270140764e+00,-1.441881965529130172e+00,2.883312017013111017e-01
-1.939956694474930465e+00,-6.983173341396281542e-02,-2.633755016741830879e+00,-2.230668152005681470e+00,-2.506988268863656444e+00
-5.101596023755733400e-01,7.942847300798248078e-01,-3.483730887294368195e+00,-2.157592787707696136e+00,-1.268132279518459082e-01
-1.940908972818616629e+00,-1.579280976781932244e+00,-1.878117060989361597e-01,-2.362438433429027818e+00,2.708306756310759678e+00
5.357445418091720812e-01,-1.949602456299696085e+00,1.142629106904977432e+00,-6.040892765353609306e+00,4.085142127133883916e-01
-1.392329522124541308e-01,-4.790940216772328064e-01,-2.244626256619806970e+00,-1.377131428156363135e+00,-3.590180326770555208e+00
4.801354866453009240e-01,5.266956937317751608e-01,-7.369605031048120924e-02,1.078758150864168819e+00,-1.984781087536614308e+00
-2.187623078793856646e+00,-2.629704362152316399e-01,1.548832423973019567e+00,-2.134406921429607973e-01,1.663749976970189781e+00
-1.791390143556528258e+00,2.271410389116134132e-01,-2.775568930490245556e+00,9.502242325197183259e-01,-2.308201410743979221e+00
-1.625453905288630096e+00,-7.492051214445458740e-01,-3.421800446122233552e+00,1.292460818691132385e+00,-1.651203133624108643e+00
-2.890487826749249756e+00,-7.210607192372779917e-01,-4.110065003398738703e+00,-1.700715599483964002e+00,-2.127083085725651745e+00
-1.310455256425998138e+00,2.087338705355299417e-01,-4.208199867447790510e+00,-1.632764562026860933e+00,-1.539786343189401219e+00
3.873059462056828717e-01,9.693413362034438707e-01,-3.469357530896055586e+00,-4.168470361256366274e+00,-2.490906208754302575e+00
4.964237133457461981e-01,-1.274128993256800513e+00,-1.326199434008893618e+00,-2.978843454726004314e+00,-4.563674964274015977e-01
6.997633277641936989e-01,-9.427011769413784492e-02,-8.184722531667104617e-01,-1.066790408206643725e+00,1.822305266343835939e+00
3.235325208402519248e+00,-4.701781990587484694e-01,5.230544174258675572e-01,-1.494292621057271564e+00,4.503180876608712246e-01
1.824856919729012539e+00,-1.520607482331843618e+00,5.112634096292805186e-01,-1.051524367589475428e+00,6.764305026282079192e-01
2.272329308828352268e+00,8.288402570263969649e-01,3.945926741675693794e+00,-3.225364240905975732e-01,9.000409322118526623e-01
1.743558801027707217e+00,2.331901119967653813e+00,2.845472106929039402e+00,9.864984924088384677e-01,1.400163199837235917e+00
5.977934446879300534e-01,3.388494290867174463e+00,2.189879808231680158e+00,7.446457585104828691e-01,-1.052107646780600092e+00
-1.527699906747470582e+00,2.746702823005065852e+00,8.413291140647689570e-01,3.122670876629516812e+00,2.559869475016115725e+00
5.939713579198477866e-01,1.079830908523452981e+00,9.048230077961824103e-01,4.131457287831292735e-01,3.088480112228773056e+00
1.236888304477650191e+00,-5.799767362892752631e-01,1.011753652835781114e+00,4.894266340215139843e-01,4.057843726295837783e+00
1.286422206615644770e+00,-1.300639101222617944e+00,3.888922500784576020e+00,2.164921460633471018e-01,1.313991809300603109e-01
4.948234080122493883e-01,-2.123267650582147059e+00,8.248749916136614013e-01,8.816236313543217573e-01,-1.393444405885261528e+00
9.866697296882598334e-01,-3.078021851955600741e-01,1.632021426870374325e+00,3.740185504192868216e+00,2.594170374218299990e+00
-3.472779650335253709e-01,-5.339196661883107708e-01,6.177605315300271904e-01,-1.118083085152227873e+00,6.107210440579973199e-01
-1.038506081692371241e+00,-6.344407890038745723e-01,-1.888083086448021808e+00,4.777569898994062370e-01,1.443249497086232402e+00
-8.919284872184423119e-01,-1.510186370280670598e+00,-3.571914838391473168e+00,-9.036311557643094128e-01,2.672178854867593434e-02
-3.084639140823509096e-01,-1.058019077527886820e+00,-3.162138512617495678e+00,-2.726035045149640013e+00,-2.930341298733910027e-01
1.732879431495556732e-01,6.074783038596031082e-01,-1.662510175421933800e+00,-4.509943995368536740e+00,7.617459710562658470e-01
-8.055765228771998299e-01,-3.973876142171187675e-01,1.635024075343884942e-01,-4.037292419566029800e+00,2.943693829322526767e+00
-8.483086704829120306e-01,2.693347727109936862e+00,1.121199335392546459e-01,-2.710135817945002579e+00,-5.586342517992666235e-01
1.323456311712154720e+00,1.323753727310151174e+00,-6.573628086409635252e-01,-1.558927675763775111e+00,4.971462401026410127e+00
2.276611338892470915e+00,1.284427523086716150e+00,1.615300173338061196e+00,-4.002055753209221578e-03,3.072099500145676121e+00
2.567505041277854616e+00,7.098916730793167762e-01,7.621835586551410913e-01,-4.041988057457617245e-01,2.415154570310380500e+00
2.011469773102652958e+00,2.922612092018538887e-01,1.813302927259827779e+00,2.030230568774780586e+00,2.697912134518079430e+00
1.970178493631809191e+00,-1.341394889333405782e+00,2.701828667271735096e+00,1.819676742416146409e+00,2.307713767891628631e+00
1.434560840766863521e+00,-2.733305288694296564e-01,4.866891417932605712e+00,3.063179116403002222e+00,2.697670456793659355e-01
2.263161952394191712e+00,-3.732374324522940157e-01,1.864394006750213162e+00,1.956420996685271030e+00,1.177250388296951389e+00
-6.881059624528410579e-01,6.796457331982119765e-01,3.568201515640605059e+00,2.229485894773280741e+00,3.502719742206872322e-01
6.407763505435821738e-01,9.380478879477281984e-01,1.723996519333945709e-01,1.457586659847911692e+00,-8.921321888246563914e-01
2.357479698289969949e+00,6.265280013840197615e-01,8.045722205967758001e-01,1.891668906767928648e+00,2.388363173582075394e+00
6.091106349538000231e-01,7.270302826306451749e-02,2.494314888094419924e+00,-2.243228354810431480e+00,1.783032351942818394e+00
1.326272386155812111e+00,-1.132919626176825068e+00,4.079193918095825877e-01,5.875996537326921842e-01,-2.058106213088410463e+00
8.889916399268823488e-01,1.641015935706617412e+00,4.852905574393021615e-01,-7.066643122183853265e-01,-8.893761589971369563e-01
1.832452548245016466e+00,6.666096593448123109e-01,1.963269555150683798e+00,-6.308319055048114965e-01,-4.993141615233650521e-01
-9.507568636153354014e-01,2.046890161652449081e+00,4.796202370004332138e-03,1.519783546651104933e+00,-1.144669881950997614e-01
-8.368341812010080538e-01,1.192367038398368662e-01,9.180367005686960180e-01,2.071402881582852906e+00,3.268858907255883794e-02
1.167204224091391129e+00,3.118108236079686346e-01,-3.529763202380586051e+00,7.261754784557868936e-01,8.044616082097356680e-01
2.044457358262560032e+00,-4.233788893365717509e-01,3.543545250823787018e+00,-1.635419712779035972e-01,7.086080141201616112e-01
2.503941099893792099e+00,-6.156531042007084009e-01,4.030467960031899999e+00,-2.639893679556712058e+00,1.655900607908306732e+00
8.107114598098313918e-01,-9.659290231705203178e-01,3.391436317463851768e+00,3.330097340438272546e+00,2.859842888112425374e+00
-4.798274960514354870e-01,-8.816141268363942851e-01,8.201871806652061281e-01,9.194261422513547721e-01,3.117407463430819980e+00
-8.816156294734026622e-01,-1.840504697284231383e+00,1.188596245662453477e+00,2.494829324330521736e+00,1.535383282302485775e+00
-1.163101519613149781e+00,-1.741610071476966670e+00,-8.386968196809102549e-01,-2.377206534581514319e+00,-2.214435165680062045e-02
-7.243972443709022491e-01,-1.875010424646633034e+00,-2.526095771774110155e+00,2.332001061749238602e+00,-3.060758660652160290e-01
-1.179900575673573870e+00,-2.858243735496019511e+00,-1.377679354083527485e-01,-2.644122110268853909e+00,1.025406108591295995e+00
-4.455720338074480313e-01,1.258345015205430961e-01,-2.662872591773246533e+00,-3.666325058774380086e+00,-2.170259281131091900e+00
-1.284064306074167661e+00,9.534922360929313223e-01,1.558787146275697477e-01,-7.734454361405233014e-01,-1.098062197227933634e+00
-2.780618135561323534e+00,2.280119737210160036e-01,-2.110062769824788464e+00,-2.954929557321382738e+00,5.938937788697024045e-01
-3.043279567267096031e+00,-1.694935178273993870e+00,-4.982868512670520111e+00,-1.597067907534170716e+00,2.946402824951033228e-01
-2.403162901930654183e+00,1.049877417805418878e+00,-3.312155004164200278e+00,-1.927840673140861716e+00,-9.563555612850325183e-01
-9.422270608330558517e-01,9.526562456552944980e-01,-3.387453882841430008e+00,-5.169600632282905117e+00,2.128714138713192483e+00
-1.388432272448293592e+00,2.393614295199044673e+00,-5.823581748424769833e-01,-2.678517922154190600e+00,1.138595232550896341e-01
-4.255319782445503574e-01,2.221707184924485823e+00,5.054045523442471377e-02,-2.977089706492983545e+00,3.410439366168735997e-01
-9.131829976004588456e-01,2.221635488257431401e+00,1.742883843308184577e+00,-4.357704056587671793e-01,1.389772272408552167e+00
4.647770959010059239e-02,1.816354147686949361e+00,-1.357618837844633219e+00,-6.420968267621777192e-01,9.780597124419855293e-01
2.466418277661369951e-01,7.375287446955018922e-01,3.317376570348179676e+00,2.054797627361659718e+00,1.321987099113317132e+00
-4.323444486547208254e-01,-7.823983641336464956e-01,-3.715604233829072900e-01,-2.797850180675542475e+00,2.389879307510189843e-01
-1.376584842780135709e+00,2.571823825441997835e-01,5.144066170014069961e-01,3.928268808925900135e+00,-2.791847896708017807e+00
-1.687754460663034584e+00,1.761660665003064619e+00,-1.191423191059515774e-01,1.735299989322358627e-01,-3.548201458085959992e-01
-1.556240164191589725e+00,-1.625795009144948566e-01,-2.637918475948938468e+00,5.123231228221387656e-01,-2.237408998386413994e-01
-2.252107639082223223e+00,-3.600688839989092394e-01,-2.265209982130458766e+00,-2.419450115589743433e+00,-2.547043182632364289e+00
8.989991751215704596e-01,-7.799248433678483972e-01,-3.010359770728528783e+00,-1.886493198786756365e+00,3.000157719079710184e-02
-1.941147550170759795e-01,-2.114024283064575460e+00,-8.933963509356652732e-01,-2.149788880218785003e+00,-3.575299971813773681e+00
-1.823510773667065266e+00,-2.199542440093142481e+00,-1.287689692136474218e+00,-4.374055130707294126e+00,-2.140435243172065682e+00
-9.705068382381358827e-01,-1.727959452729167067e+00,-1.934156403140130820e+00,1.251236211266092413e+00,-3.497227645985163669e+00
-5.479242108036391778e-01,-2.384490617790554490e-01,-2.178705868566931603e+00,6.413107242274895814e-02,-2.206844857154219852e+00
2.063536971629925887e+00,-3.219615254953903660e-01,8.812704552759929033e-01,1.939571948898057396e+00,-7.669686673985454117e-02
1.655319737643696554e+00,1.317489796794527157e+00,6.566396308114288427e-01,-1.729521573596588979e+00,3.513863519533796387e-01
9.086740364472958298e-01,7.679945480215168985e-01,3.860512895663089861e+00,1.620091550373840006e+00,1.329002050091896425e+00
-6.552723632162704703e-02,2.157428751458467797e+00,3.324143225045055772e+00,-4.660301433653126768e-01,4.805427260830309466e-01
-1.416949332140227114e+00,1.597830021307003134e+00,2.860643902763804203e+00,2.801901277034339888e+00,4.718706195044904961e-01
2.049786739356856291e+00,1.099047231063204455e+00,1.472044992135805308e-01,1.273053879575479330e+00,-9.867099015352590596e-01
4.315942870088979033e-01,1.563620217426587300e-01,2.967581286072973334e+00,2.631998204466547531e+00,5.111527191250229141e-01
-3.454382071717242986e-01,-1.642428358690035894e+00,-1.505808902459996323e-01,1.470327929905755671e+00,-1.383610548607271395e+00
-1.705107840824673593e+00,-2.727583484428015126e+00,2.601330588610601513e+00,3.475621458149291687e+00,-2.647809367595502117e+00
9.996452589408169054e-01,7.683742426570092654e-01,-2.568968180587611450e+00,4.332022057132633996e-01,-2.938549340925294739e+00
-2.406787519222016725e-01,3.941801435516681384e-01,4.866120140306291475e-01,4.346994747199277143e+00,-3.973395266003734716e-02
-4.505273892774541711e-02,-6.543110232435275231e-01,5.034674059296645465e-01,-2.480653564052328619e+00,2.669367082379303646e-01
-2.133268754067124462e+00,3.179030494234937887e-01,-6.415179645603490410e-01,1.349120309581682609e+00,-1.484089223498163523e+00
-7.154383850954983970e-01,2.959369805786616348e-01,-3.081741816554575575e+00,3.714592148229289847e-02,-2.266491979056116435e+00
-1.030872591350382894e+00,-8.275605303241759803e-01,-1.469572374042462437e+00,1.459855882604742972e+00,1.251601874020624283e+00
2.915910350654462579e-01,1.890016967695400174e+00,1.402258388997742466e-01,-3.967971668286902176e+00,-1.340455357317202445e+00
2.090805279248858284e+00,6.311026126924084156e-01,2.357145001610783996e+00,-9.503612861407360057e-01,1.074765808893995978e+00
2.316648034206472140e+00,6.469931666694782590e-01,2.352299817931405190e+00,2.572220429978355760e-02,-1.654095094049455206e+00
2.156474386052783743e+00,1.208278882014222733e+00,3.253461877955638126e+00,3.087404693218094298e+00,-1.253705991645552631e+00
9.977933038041459923e-01,4.302210278974848423e-01,1.955520565998269955e+00,2.302732718879091145e+00,-1.329366745025453600e+00
3.145334261133860831e-01,2.058618749472785669e+00,2.094153544197312478e-01,2.331246290465077919e+00,6.458473904202197691e-01
1.888932234699112644e+00,2.040971610097030986e+00,1.253315659912707325e+00,2.622804863125226760e+00,3.084575376830189786e-01
-1.768140879851081149e-01,1.814480134664891553e+00,2.833032612783029869e+00,1.881749829472784574e+00,-7.387439212806783395e-01
1.797829760101053109e+00,-1.744098046634178445e+00,8.825869362439640042e-01,3.827651436511356309e+00,-1.297974539248438475e-01
1.830618774221223877e+00,-2.480596743216016975e+00,4.438496781840922667e-02,2.024359152053250455e+00,-5.747338745040375230e+00
1.181233630452410033e+00,-7.870298094083604257e-01,1.377046019322121229e+00,3.134535137506805569e+00,-2.267691104461796670e+00
1.526824261936443827e+00,8.153158522260097740e-01,1.881665493762795016e+00,1.149277931647857187e+00,-3.271538854762997328e+00
3.496349059404585402e-01,1.267765895397279796e-02,3.210954843955121429e+00,3.352846117198100107e+00,-4.014250819142955451e-01
2.574956129902870039e-01,-4.914047083165040131e-01,1.840874082709395676e+00,2.771849024867913514e+00,-2.485718865517517528e+00
2.365069120530019497e-01,-9.091789823218978661e-01,2.759352400638378500e-01,2.379570080910389240e+00,-1.247456161820995613e+00
1.789378224415502316e+00,4.433198135447367072e-01,3.289642995174313356e-03,3.429866898515808504e+00,-2.474639514050117395e+00
-1.019682087809407722e+00,-4.333492086660616360e-01,1.283748492014524789e+00,1.336658818611361044e+00,-2.756352236284295820e+00
2.140264964611765519e-01,1.425259098092565013e+00,-7.512454437149325148e-01,7.459005144093314721e-01,-2.044577410428685127e+00
-1.319207230514860107e+00,-5.984131706347334267e-01,-2.779046347148230289e+00,4.430653499402008144e+00,-2.045905079300922580e+00
7.947591485753782159e-01,-7.381824665205871661e-01,-6.059847536137727975e-01,6.183876507474516115e-01,-1.329620131827413010e+00
-6.760737112916037628e-01,1.075284554460005149e+00,-2.930594796063090701e-02,-2.011434276295520185e+00,-2.555708764089069440e+00
-5.668068613572680992e-01,-2.178957364738284275e-01,1.262478126902720099e+00,-1.506425171638567040e+00,1.479071890316596249e+00
-2.497251029825950930e+00,-1.980044575806013674e-01,-6.317814392701017745e-01,-1.489815719662411553e+00,2.359161115144720711e+00
-9.094818372573205689e-01,-1.094555227679397280e+00,-1.868534203000882465e+00,-6.089926343347452642e-01,1.109621145282989829e+00
-2.092169760075847762e+00,-7.057963663409149158e-01,-3.627296692782159937e+00,2.297877386451296466e+00,-2.564908362179347812e+00
-1.820661480840645829e+00,6.097862153060550350e-01,-2.093533268418972249e+00,-2.330920775894175900e+00,-8.272439177077683947e-01
-4.067689192004757537e-01,-1.862603892456780486e+00,-1.824981437051334865e+00,-8.391931583798961647e-01,5.183038091362486277e-01
-4.005482851216921603e+00,-2.154171847074957125e+00,-2.558265575482467469e+00,-1.448424640596998048e+00,-1.153591917048525595e+00
-3.040924906322335808e+00,-7.466433666956824311e-01,-4.831064106525619906e+00,-4.468986976729181215e-01,-2.502554544266481606e+00
-2.678581966379252055e+00,4.035501226974043676e-01,-4.885488948286173638e+00,-2.334375640796240159e+00,-2.138613166207851357e+00
-1.608268385631353103e+00,-7.132248701760195431e-01,-3.169865695342467760e+00,-4.006178980375539211e+00,4.437820459986798749e-01
-2.240240348921985980e+00,-2.158647034741410509e-01,-2.857539626235497732e+00,-3.514125660218319069e+00,-7.386803965945132333e-01
-1.727877042897040916e+00,-3.373887804288309700e-01,-1.600833759185036786e+00,-3.126136194863652129e+00,1.324168078077721411e+00
-6.264313807530554890e-01,1.012234133436014982e+00,-3.414579540962313864e+00,-2.752567887159492521e+00,-1.336146276559263102e+00
-2.661943802421280481e+00,-9.030524754382304731e-03,1.780511548755989715e-01,-4.233162446522895639e-01,-4.497158877029427959e-02
-3.419508102732498056e-01,1.324843062887771428e+00,-3.283204166597765816e+00,-9.114892549868103266e-01,-2.307773456732657991e+00
-8.295513235447511402e-01,-1.623482487102256844e+00,-1.717202888559808072e+00,1.749284262210628604e-01,-3.755743256637474881e-01
4.499949707068702232e-01,-1.052329587777767195e+00,-1.123046128219697071e+00,-3.814737619895383958e+00,-1.722919531491067247e+00
-1.254996521351103844e+00,1.364293111816506698e+00,1.805521271215529688e-01,-8.395081440354414948e-01,-1.183472652075399090e+00
1.122501360349380528e+00,1.641343601653804107e+00,-1.042778122720144918e+00,-1.765863039084077046e+00,2.103648186013997279e+00
7.468212625269958771e-01,-2.463196596610441325e-01,2.012805972197836191e+00,2.643048069286475510e-01,-2.198767930619649480e-02
9.141293474427601984e-01,7.628232075536709456e-01,1.545788518148245139e+00,-8.531573815887236734e-01,-2.786462190331912669e+00
2.597097289269966192e-01,-1.829188998684558309e-01,9.341909667705494691e-01,1.765451021242416818e+00,5.419267789311140726e-01
-9.560317152778198269e-01,7.108930816107390527e-01,-1.165652004120229623e+00,4.113396420325761582e+00,-2.861548402321178131e+00
-1.686584845798043131e-01,6.495115565313283046e-01,-1.405591099273207245e+00,-4.519897977322169247e-01,5.474970441757782691e-01
-3.257823787261804327e-02,-1.438682642898886144e+00,-3.054227040952802064e+00,-1.890060225619514256e+00,-1.188425762821703202e+00
8.171904517842984994e-01,-2.335168805761763944e-01,-2.743736080357370710e+00,-1.821692191699773700e+00,-1.068321304008137407e-01
9.331124376507299312e-02,6.171478015801599160e-01,9.841124730720436364e-01,-2.724696750332927131e+00,1.491412013135978931e+00
7.798883607085671521e-01,7.392261700209915576e-01,-3.152840338894792316e-01,-3.397997385564972106e+00,1.937431456467631818e+00
9.061579539482360612e-01,3.331815671384336763e+00,1.077709532888991406e+00,8.951676254378903019e-01,-5.632490808656829273e-01
1.083189394756528534e+00,1.638983960052859512e+00,2.360583629322348109e+00,-3.078915181981114024e+00,1.250593684212072620e+00
1.882914105932876225e+00,1.766083012939251073e+00,2.435430923501879619e+00,2.509276661255268603e+00,2.346299643735162199e+00
9.706007095811630681e-01,2.491474016979571715e+00,3.810222001649054224e+00,8.458042163552040860e-01,4.580068086157837448e-01
-1.453866399309444724e-01,2.440048342898492706e+00,2.910597951126074889e+00,3.312525669623976210e+00,2.530103677987617150e+00
-3.513737176688008224e-01,3.845811632597339047e-01,6.420207087322524764e-01,3.230511403231408174e+00,1.622162425036922651e+00
